scientificName,type,size,ALSK,ANTA,APLR,ARAB,ARCH,ARCT,AUSE,AUSW,BENG,BERS,BPLR,BRAZ,CAMR,CARB,CCAL,CHIL,CHIN,CNRY,EAFR,ETRA,FKLD,GFST,GUIA,GUIN,INDE,INDW,ISSG,KURO,MEDI,MONS,NADR,NASE,NASW,NATR,NECS,NEWZ,NPPF,NPSW,NPTG,NWCS,PEQD,PNEC,PSAE,PSAW,REDS,SANT,SARC,SATL,SPSG,SSTC,SUND,TASM,WARM,WTRA
Acanthochiasma sp,eSNCM,100,0,0,0,0,0,0,0,0,0,0,0,0,0,0,0,0,0,0,0,0,0,0,0,0,0,0,0,0,0,0,0,0,0,0,0,0,0,0,0,0,0,0,0,0,0,0,0,0,0,0,0,0,0,0
Acanthometra fusca,eSNCM,200,0,0,0,0,0,0,0,0,0,0,0,0,0,0,0,0,0,0,0,0,0,0,0,0,0,0,0,0,0,0,0,0,0,0,0,0,0,0,0,0,0,0,0,0,0,0,0,0,0,0,0,0,0,0
Acanthodesmia vinculata,eSNCM,200,0,0,0,0,2,0,0,0,0,0,0,0,0,0,29,0,0,0,0,18,0,0,4,1,0,0,0,0,33,0,0,0,0,1,0,0,0,0,0,0,12,2,0,0,0,0,0,2,8,0,0,0,15,0
Acanthometra pellucida,eSNCM,200,0,0,0,0,0,0,0,0,0,0,17,0,0,0,0,0,0,0,0,0,0,0,0,0,0,0,0,1,31,0,0,0,0,0,0,0,0,0,0,0,0,0,0,0,0,0,0,0,0,0,0,0,0,0
Acanthometron sp.,eSNCM,250,0,0,0,0,0,0,0,0,0,0,0,0,0,0,0,0,0,0,0,0,0,0,0,0,0,0,0,0,0,0,0,0,0,0,0,0,0,0,0,0,0,0,0,0,0,0,0,0,0,0,0,0,0,0
Acanthometron pellucida,eSNCM,250,0,0,0,0,0,0,0,0,0,0,7,0,0,0,0,0,0,0,0,0,0,0,0,0,0,0,0,77,0,0,0,0,0,0,157,0,0,1,0,0,0,0,0,0,0,0,27,0,0,0,0,0,0,0
Acanthostaurus conacanthus,eSNCM,250,0,0,0,0,0,0,0,0,0,0,0,0,0,0,0,0,0,0,0,0,0,0,0,0,0,0,0,0,0,0,0,0,0,0,0,0,0,0,0,0,0,0,0,0,0,0,0,0,0,0,0,0,0,0
Acanthostaurus nordgaardi,eSNCM,250,0,0,0,0,0,0,0,0,0,0,0,0,0,0,0,0,0,0,0,0,0,0,0,0,0,0,0,0,0,0,0,0,0,0,0,0,0,0,0,0,0,0,0,0,0,0,12,0,0,0,0,0,0,0
Acanthostaurus purpurascens,eSNCM,250,0,0,0,0,0,0,0,0,0,0,0,0,0,0,0,0,0,0,0,0,0,0,0,0,0,0,0,0,0,0,0,0,0,0,0,0,0,0,0,0,0,0,0,0,0,0,0,0,0,0,0,0,0,0
Acrosphaera murrayana,eSNCM,180,0,0,0,0,2,0,0,0,1,0,0,0,0,0,24,0,0,0,0,7,0,0,0,1,0,0,0,0,33,0,0,0,0,6,3,2,0,0,0,0,2,3,0,0,0,0,9,0,4,0,0,0,12,2
Acrosphaera spinosa,eSNCM,150,0,0,0,0,2,0,0,0,0,0,0,1,0,0,7,0,0,0,0,20,0,0,4,0,0,0,0,0,22,0,0,0,0,4,0,0,0,0,0,0,4,2,0,0,0,0,0,8,10,0,0,0,15,1
Actinomma boreale,eSNCM,160,0,0,0,0,0,0,0,0,0,0,0,0,0,0,11,0,0,0,0,0,0,0,0,0,0,0,0,0,0,0,0,0,0,0,6,0,0,0,0,0,0,0,0,0,0,0,1,0,0,0,0,0,0,0
Akashiwo sanguinea,CM,70,12,0,0,2,1,0,57,8,0,4,1,1,1,9,484,1570,33,11,1,0,0,0,41,0,0,0,3,1182,1416,2,32,23,0,0,2614,0,0,3,0,11,24,0,0,0,0,5,7,0,20,10,4,21,0,0
Alexandrium andersonii,CM,30,0,0,0,0,0,0,0,0,0,0,0,0,0,0,0,0,0,0,0,0,0,0,0,0,0,0,0,0,0,0,0,0,0,0,34,0,0,0,0,0,0,0,0,0,0,0,0,0,0,0,0,0,0,0
Alexandrium catenella,CM,28.5,3,0,0,0,1,0,2,21,11,1,0,6,0,0,102,79,0,0,1,0,38,0,0,0,1,1,0,17,43,0,0,0,0,0,2,2,0,0,0,3931,0,0,0,0,0,3,0,0,0,3,0,1,0,0
Alexandrium minutum,CM,25.5,0,0,0,0,0,0,21,13,0,0,25,9,1,0,14,0,0,24,0,0,6,0,0,0,0,0,0,0,901,0,0,0,0,0,1776,3,0,0,0,2,0,0,0,0,0,1,23,0,0,0,0,0,0,0
Alexandrium ostenfeldii,CM,44.5,0,0,0,0,0,5,25,4,0,0,38,4,1,0,0,29,0,1,0,0,7,0,0,0,0,0,0,0,14,0,0,0,0,0,806,0,0,0,0,322,2,0,0,0,0,3,24,0,0,0,0,1,0,0
Alexandrium pacificum,CM,35,0,0,0,0,0,0,0,2,0,0,0,0,0,0,0,0,0,0,0,0,0,0,0,0,0,0,0,0,16,0,0,0,0,0,0,3,0,0,0,0,0,0,0,0,0,0,0,0,0,0,0,2,0,0
Alexandrium pohangense,CM,23,0,0,0,0,0,0,0,0,0,0,0,0,0,0,0,0,0,0,0,0,0,0,0,0,0,0,0,0,0,0,0,0,0,0,0,0,0,0,0,0,0,0,0,0,0,0,0,0,0,0,0,0,0,0
Alexandrium pseudogonyaulax,CM,45,0,0,0,0,0,0,71,166,0,0,0,0,0,0,0,0,0,0,0,0,0,0,0,0,0,0,0,0,62,0,0,0,0,0,2054,0,0,0,0,93,0,0,0,0,0,0,0,0,1,0,0,0,0,0
Amphibelone anomala,eSNCM,300,0,0,0,0,0,0,0,0,0,0,0,0,0,0,0,0,0,0,0,0,0,0,0,0,0,0,0,0,0,0,0,0,0,0,0,0,0,0,0,0,0,0,0,0,0,0,0,0,0,0,0,0,0,0
Amphibelone cultellata,eSNCM,300,0,0,0,0,0,0,0,0,0,0,0,0,0,0,0,0,0,0,0,0,0,0,0,0,0,0,0,0,0,0,0,0,0,0,0,0,0,0,0,0,0,0,0,0,0,0,0,0,0,0,0,0,0,0
Amphibelone heteracanthum,eSNCM,300,0,0,0,0,0,0,0,0,0,0,0,0,0,0,0,0,0,0,0,0,0,0,0,0,0,0,0,0,0,0,0,0,0,0,0,0,0,0,0,0,0,0,0,0,0,0,0,0,0,0,0,0,0,0
Amphidiniella sedentaria,CM,17,0,0,0,0,0,0,0,0,0,0,0,0,0,0,0,0,0,0,0,0,0,0,0,0,0,0,0,0,0,0,0,0,0,0,0,0,0,0,0,0,0,0,0,0,0,0,0,0,0,0,0,0,0,0
Amphidinium carterae,CM,17.5,0,0,0,0,0,0,0,0,0,0,33,0,1,2,0,0,1,20,0,0,0,0,0,0,0,0,0,0,17,0,1,15,0,0,161,2,0,0,0,85,0,0,0,0,0,0,3,0,1,0,0,0,0,0
Amphidinium scissum,CM,56,0,0,0,0,0,0,0,31,0,0,0,0,0,0,0,0,0,0,0,0,0,0,0,0,0,0,0,0,0,0,0,0,0,0,1,0,0,0,0,0,0,0,0,0,0,0,0,0,0,0,0,0,0,0
Amphidinium steinii,CM,45,0,0,0,0,0,0,0,0,0,0,0,0,0,0,0,0,0,0,0,0,0,0,0,0,0,0,0,0,0,0,0,0,0,0,0,0,0,0,0,0,0,0,0,0,0,0,0,0,0,0,0,0,0,0
Amphilonche elongata,eSNCM,250,0,0,0,0,0,0,0,0,0,0,0,0,0,0,0,0,0,0,0,0,0,0,0,0,0,0,0,0,29,0,0,0,0,0,1,0,0,0,0,0,0,0,0,0,0,0,0,0,0,0,0,0,0,0
Amphisolenia bidentata,eSNCM,820,0,0,1,15,43,0,69,3,0,0,0,0,14,2,1,724,0,0,0,0,0,0,3,0,1,11,7,12,17,14,0,0,0,0,0,0,0,6,1,0,43,4,0,0,0,0,0,0,37,0,5,21,5,0
Amphisolenia brevicauda,eSNCM,200,0,0,0,0,0,0,0,0,0,0,0,0,0,0,0,0,0,0,0,0,0,0,0,0,0,0,0,0,0,0,0,0,0,0,0,0,0,0,0,0,0,0,0,0,0,0,0,0,0,0,1,0,0,0
Amphisolenia elongata,eSNCM,450,0,0,0,0,0,0,0,0,0,0,0,0,0,0,0,0,0,0,0,0,0,0,0,0,0,0,0,0,0,0,0,0,0,0,0,0,0,0,0,0,0,0,0,0,0,0,0,0,0,0,0,0,0,0
Amphisolenia globifera,eSNCM,200,0,0,0,4,5,0,3,0,0,0,0,0,0,5,1,6,0,0,0,0,0,0,0,0,0,0,0,0,6,9,0,0,0,0,0,0,0,0,0,0,0,0,0,0,0,0,0,1,0,0,0,19,0,0
Amphisolenia inflata,eSNCM,180,0,0,0,0,0,0,0,0,0,0,0,0,0,0,0,0,0,0,0,0,0,0,0,0,0,0,0,0,0,0,0,0,0,0,0,0,0,0,0,0,0,0,0,0,0,0,0,0,0,0,0,0,0,0
Amphisolenia laticincta,eSNCM,125,0,0,0,0,1,0,1,0,0,0,0,0,0,0,0,1,0,0,0,0,0,0,0,0,0,0,0,0,0,0,0,0,0,0,0,0,0,0,0,0,1,0,0,0,0,0,0,0,0,0,0,0,0,0
Amphisolenia palmata,eSNCM,650,0,0,0,0,0,0,4,0,0,0,0,0,0,0,0,4,0,0,0,0,0,0,0,0,0,0,0,0,22,0,0,0,0,0,0,0,0,0,0,0,0,0,0,0,0,0,0,0,0,0,0,0,1,0
Amphisolenia rectangulata,eSNCM,735,0,0,0,0,0,0,0,0,0,0,0,0,0,0,0,25,0,0,0,0,0,0,0,0,0,0,0,0,0,0,0,0,0,0,0,0,0,0,0,0,1,0,0,0,0,0,0,0,0,0,0,0,0,0
Amphisolenia schauinslandii,eSNCM,420,0,0,0,0,3,0,0,0,0,0,0,0,0,0,0,1,0,0,0,0,0,0,0,0,0,0,0,0,0,0,0,0,0,0,0,0,0,0,0,0,0,0,0,0,0,0,0,0,0,0,0,0,0,0
Amphisolenia thrinax,eSNCM,850,0,0,0,0,7,0,7,2,0,0,0,0,0,0,0,7,0,0,0,0,0,0,0,0,0,0,4,0,0,7,0,0,0,0,0,0,0,0,0,0,4,0,0,0,0,0,0,0,1,0,1,0,0,0
Amphisorus hemprichii,eSNCM,800,0,0,0,0,0,0,0,0,0,0,0,0,0,16,0,0,0,0,0,0,0,0,1,0,0,1,0,0,7,9,0,0,0,0,0,0,0,0,0,0,0,0,0,0,0,0,0,0,0,0,0,0,0,0
Amphistaurus tetrapterus,eSNCM,250,0,0,0,0,0,0,0,0,0,0,0,0,0,0,0,0,0,0,0,0,0,0,0,0,0,0,0,0,0,0,0,0,0,0,0,0,0,0,0,0,0,0,0,0,0,0,0,0,0,0,0,0,0,0
Amylax triacantha,pSNCM,50,0,1,0,1,0,0,0,0,0,0,43,0,0,2,48,39,1,0,0,0,0,0,0,0,0,0,0,15,5,2,0,0,0,0,1736,0,0,0,0,267,0,0,0,0,0,0,30,0,0,0,0,0,0,0
Amylax triacantha var. buxus,pSNCM,50,0,0,0,0,0,0,0,0,0,0,0,0,0,0,0,0,0,0,0,0,0,0,0,0,0,0,0,0,0,0,0,0,0,0,5,0,0,0,0,0,0,0,0,0,0,0,0,0,0,0,0,0,0,0
Androcyclas gamphonycha,eSNCM,250,0,0,0,0,2,0,0,0,0,0,0,0,0,0,0,0,0,0,0,0,0,0,0,0,0,0,0,0,0,0,0,0,0,0,0,0,0,0,0,0,0,0,0,0,0,0,2,0,8,0,0,0,12,0
Ansanella granifera,CM,12,0,0,0,0,0,0,0,0,0,0,0,0,0,0,0,0,0,0,0,0,0,0,0,0,0,0,0,0,0,0,0,0,0,0,0,0,0,0,0,0,0,0,0,0,0,0,0,0,0,0,0,0,0,0
Apicoporus glaber,CM,40,0,0,0,0,0,0,0,0,0,0,0,0,0,0,0,0,0,0,0,0,0,0,0,0,0,0,0,0,0,0,0,0,0,0,0,0,0,0,0,0,0,0,0,0,0,0,0,0,0,0,0,0,0,0
Apicoporus parvidiaboli,CM,45,0,0,0,0,0,0,0,0,0,0,0,0,0,0,0,0,0,0,0,0,0,0,0,0,0,0,0,0,0,0,0,0,0,0,0,0,0,0,0,0,0,0,0,0,0,0,0,0,0,0,0,0,0,0
Amphistegina gibbosa,eSNCM,NA,0,0,0,0,0,1,0,0,0,0,0,0,0,71,0,0,0,0,0,0,0,0,5,0,0,0,0,0,0,0,0,0,0,0,0,0,0,0,0,0,0,0,0,0,0,0,0,0,0,0,0,0,0,0
Barrufeta bravensis,CM,28,0,0,0,0,0,0,0,0,0,0,0,0,0,0,0,0,0,0,0,0,0,0,0,0,0,0,0,0,0,0,0,0,0,0,0,0,0,0,0,0,0,0,0,0,0,0,0,0,0,0,0,0,0,0
Barrufeta resplendens,CM,48,0,0,0,0,0,0,0,0,0,0,0,0,0,0,0,0,0,0,0,0,0,0,0,0,0,0,0,0,1,0,0,0,0,0,14,0,0,0,0,0,0,0,0,0,0,0,0,0,0,0,0,0,0,0
Biecheleria baltica,CM,25,0,0,0,0,0,0,0,0,0,0,0,0,0,0,0,0,0,0,0,0,0,0,0,0,0,0,0,0,0,0,0,0,0,0,10,0,0,0,0,0,0,0,0,0,0,0,0,0,0,0,0,0,0,0
Biecheleria cincta,CM,12,0,0,0,0,0,0,0,0,0,0,0,0,0,0,0,0,0,0,0,0,0,0,0,0,0,0,0,0,0,0,0,0,0,0,0,0,0,0,0,0,0,0,0,0,0,0,0,0,0,0,0,0,0,0
Biecheleriopsis adriatica,CM,13,0,0,0,0,0,0,0,0,0,0,0,0,0,0,0,0,0,0,0,0,0,0,0,0,0,0,0,0,0,0,0,0,0,0,0,0,0,0,0,0,0,0,0,0,0,0,0,0,0,0,0,0,0,0
Bispinodinium angelaceum,CM,35,0,0,0,0,0,0,0,0,0,0,0,0,0,0,0,0,0,0,0,0,0,0,0,0,0,0,0,0,0,0,0,0,0,0,0,0,0,0,0,0,0,0,0,0,0,0,0,0,0,0,0,0,0,0
Blastodinium galatheanum,CM,22,0,0,0,0,1,0,5,0,0,0,0,0,0,0,11,0,0,0,0,0,0,0,0,0,0,0,0,0,0,0,0,0,0,0,0,0,0,0,0,0,0,0,0,0,0,0,0,0,0,0,1,0,0,0
Blastodinium spp,CM,22,0,0,0,0,0,0,0,0,0,0,0,0,0,0,0,0,0,0,0,0,0,0,0,0,0,0,0,0,0,0,0,0,0,0,0,0,0,0,0,0,0,0,0,0,0,0,0,0,0,0,0,0,0,0
Blixaea quinquecornis,eSNCM,30,0,0,0,0,0,0,0,0,0,0,0,0,0,0,0,0,0,0,0,0,0,0,0,0,0,0,0,0,0,0,0,0,0,0,0,0,0,0,0,0,0,0,0,0,0,0,0,0,0,0,0,0,0,0
Botryostrobus auritus australis,eSNCM,130,0,0,0,0,0,0,0,0,0,0,0,0,0,0,0,0,0,0,0,0,0,0,0,0,0,0,0,0,0,0,0,0,0,0,0,0,0,0,0,0,0,0,0,0,0,0,0,0,0,0,0,0,0,0
Brachidinium capitatum,CM,100,0,0,0,0,0,0,2,0,0,0,0,0,0,1,0,0,0,0,0,0,0,0,2,0,0,0,0,0,11,0,0,0,0,0,0,0,0,0,0,0,0,0,0,0,0,0,0,0,0,0,0,0,0,0
Bysmatrum austrafrum,CM,35,0,0,0,0,0,0,0,0,0,0,0,0,0,0,0,0,0,0,0,0,0,0,0,0,0,0,0,0,0,0,0,0,0,0,0,0,0,0,0,0,0,0,0,0,0,0,0,0,0,0,0,0,0,0
Calcidiscus leptoporus,CM,11,0,74,42,93,2,147,3,0,583,11,39,10,469,337,66,224,0,0,34,59,5,0,178,28,0,62,0,0,622,3,97,191,144,38,2,155,15,240,0,0,71,10,0,0,0,96,215,594,53,45,1,5,63,96
Callimitra carolotae,eSNCM,250,0,0,0,0,0,0,0,0,0,0,0,0,0,0,28,0,0,0,0,0,0,0,0,0,0,0,0,0,0,0,0,0,0,0,0,0,0,0,0,0,1,0,0,0,0,0,0,0,0,0,0,0,0,0
Calyptrosphaera sphaeroidea ,CM,8,0,0,0,0,0,0,0,0,0,0,0,0,0,0,0,0,0,0,0,0,0,0,0,0,0,0,0,0,0,0,0,0,0,0,0,0,0,0,0,0,0,0,0,0,0,0,0,0,0,0,0,0,0,0
Candeina nitida,eSNCM,300,0,0,0,25,366,0,0,14,1,0,0,8,6,570,4,0,0,0,6,41,1,0,148,65,0,0,147,11,4,230,1,58,160,119,0,0,1,188,1,60,26,12,0,0,2,16,0,202,21,1,2,0,248,191
Ceratospyris hyperborea,eSNCM,50,0,0,0,0,0,0,0,0,0,0,0,0,0,0,0,0,0,0,0,0,0,0,0,0,0,0,0,0,0,0,0,0,0,0,0,0,0,0,0,0,0,0,0,0,0,0,0,0,0,0,0,0,0,0
Chattonella marina var. ovata,CM,50,0,0,0,0,0,0,0,0,0,0,0,0,0,0,0,0,0,0,0,0,0,0,0,0,0,0,0,0,0,0,0,0,0,0,0,0,0,0,0,0,0,0,0,0,0,0,0,0,0,0,0,0,0,0
Chattonella subsalsa,CM,50,0,0,0,0,0,0,0,0,0,0,0,3,0,0,0,1,0,0,0,0,0,0,0,0,0,0,0,0,3,0,0,0,0,0,0,0,0,0,0,5,0,0,0,0,0,0,0,0,0,0,0,0,0,0
Chrysochromulina acantha,CM,8,0,0,0,0,0,0,1,0,0,0,0,0,0,0,36,0,0,0,0,0,0,0,0,0,0,0,0,0,0,0,0,0,0,0,0,0,0,0,0,0,0,0,0,0,0,0,0,0,0,3,0,0,0,0
Chrysochromulina camella,CM,8,0,0,0,0,0,0,0,0,0,0,0,0,0,0,0,0,0,0,0,0,0,0,0,0,0,0,0,0,0,0,0,0,0,0,1,0,0,0,0,0,0,0,0,0,0,0,0,0,0,0,0,0,0,0
Chrysochromulina chiton,CM,8,0,0,0,0,0,0,0,0,0,0,0,0,0,0,0,0,0,0,0,0,0,0,0,0,0,0,0,0,0,0,0,0,0,0,0,0,0,0,0,0,0,0,0,0,0,0,0,0,0,0,0,0,0,0
Chrysochromulina cymbium,CM,8,0,0,0,0,0,0,0,0,0,0,0,0,0,0,0,0,0,0,0,0,0,0,0,0,0,0,0,0,0,0,0,0,0,0,0,0,0,0,0,0,0,0,0,0,0,0,0,0,0,0,0,0,0,0
Chrysochromulina kappa,CM,8,0,0,0,0,0,0,0,0,0,0,0,0,0,0,0,0,0,0,0,0,0,0,0,0,0,0,0,0,0,0,0,0,0,0,0,0,0,0,0,0,0,0,0,0,0,0,0,0,0,0,0,0,0,0
Chrysochromulina leadbeateri,CM,8,0,0,0,0,0,0,0,0,0,0,0,0,0,0,41,0,0,0,0,0,0,0,0,0,0,0,0,0,1,0,0,0,0,0,0,0,0,0,0,0,0,0,0,0,0,0,2,0,0,0,0,0,0,0
Chrysochromulina minor,CM,8,0,0,0,0,0,0,0,0,0,0,0,0,0,0,0,0,0,0,0,0,0,0,0,0,0,0,0,0,0,0,0,0,0,0,0,0,0,0,0,0,0,0,0,0,0,0,0,0,0,0,0,0,0,0
Chrysochromulina pringsheimii,CM,8,0,2,0,0,0,0,1,0,0,0,0,0,0,0,0,0,0,0,0,0,0,0,0,0,0,0,0,0,0,0,0,0,0,0,24,0,0,0,0,56,0,0,0,0,0,9,0,0,0,3,1,0,0,0
Citharistes apsteinii,eSNCM,75,0,0,0,1,1,0,0,0,0,0,0,0,0,0,0,0,2,0,0,0,0,0,0,0,0,0,0,0,0,1,0,0,0,0,0,0,0,2,0,0,0,0,0,0,0,0,0,3,1,0,1,0,0,0
Citharistes regius,eSNCM,38,0,0,0,0,0,0,1,0,0,0,0,0,0,8,0,0,0,0,0,0,0,0,0,0,0,0,0,0,1,0,0,0,0,0,0,0,0,0,0,0,0,0,0,0,0,0,0,0,1,0,0,0,0,0
Clathrocanium coarctatum,eSNCM,65,0,0,0,0,0,0,0,0,0,0,0,0,0,0,32,0,0,0,0,0,0,0,1,0,0,0,0,0,0,0,0,0,0,1,0,0,0,0,0,0,11,1,0,0,0,0,0,0,6,0,0,0,13,0
Collophidium ellipsoides,eSNCM,5000,0,0,0,0,0,0,0,0,0,0,0,0,0,0,0,0,0,0,0,0,0,0,0,0,0,0,0,0,0,0,0,0,0,0,0,0,0,0,0,0,0,0,0,0,0,0,0,0,0,0,0,0,0,0
Collophidium ovatum,eSNCM,5000,0,0,0,0,0,0,0,0,0,0,0,0,0,0,0,0,0,0,0,0,0,0,0,0,0,0,0,0,0,0,0,0,0,0,0,0,0,0,0,0,0,0,0,0,0,0,0,0,0,0,0,0,0,0
Collophidium serpentinum,eSNCM,5000,0,0,0,0,0,0,0,0,0,0,0,0,0,0,0,0,0,0,0,0,0,0,0,0,0,0,0,0,0,0,0,0,0,0,0,0,0,0,0,0,0,0,0,0,0,0,0,0,0,0,0,0,0,0
Collosphaera globularis-huxleyi,eSNCM,150,0,0,0,0,0,0,0,0,0,0,0,0,0,0,0,0,0,0,0,0,0,0,0,0,0,0,0,0,0,0,0,0,0,0,0,0,0,0,0,0,0,0,0,0,0,0,0,0,0,0,0,0,0,0
Collosphaera huxleyi,eSNCM,143,0,0,0,0,2,0,0,0,0,0,0,1,0,0,0,0,0,0,0,4,0,0,0,0,0,0,0,0,33,0,0,0,0,1,0,0,0,0,0,0,5,2,0,0,0,0,0,10,10,0,0,0,10,0
Collosphaera tuberosa,eSNCM,120,0,0,0,0,0,0,0,0,0,0,0,4,0,0,12,0,0,0,0,2,0,0,0,0,0,0,0,0,33,0,0,0,0,0,0,0,0,0,0,0,9,3,0,0,0,0,0,6,6,0,0,0,15,0
Collozoum ameboides,eSNCM,NA,0,0,0,0,0,0,0,0,0,0,0,0,0,0,0,0,0,0,0,0,0,0,0,0,0,0,0,0,0,0,0,0,0,0,0,0,0,0,0,0,0,0,0,0,0,0,0,0,0,0,0,0,0,0
Collozoum caudatum,eSNCM,5000,0,0,0,0,0,0,0,0,0,0,0,0,0,0,0,0,0,0,0,0,0,0,0,0,0,0,0,0,0,0,0,0,0,0,0,0,0,0,0,0,0,0,0,0,0,0,0,0,0,0,0,0,0,1
Collozoum coeruleum,eSNCM,100000,0,0,0,0,0,0,0,0,0,0,0,0,0,0,0,0,0,0,0,0,0,0,0,0,0,0,0,0,0,0,0,0,0,0,0,0,0,0,0,0,0,0,0,0,0,0,0,0,0,0,0,0,0,0
Collozoum fulvum,eSNCM,NA,0,0,0,0,0,0,0,0,0,0,0,0,0,0,0,0,0,0,0,0,0,0,0,0,0,0,0,0,0,0,0,0,0,0,0,0,0,0,0,0,0,0,0,0,0,0,0,0,0,0,0,0,0,0
Collozoum hertwigi,eSNCM,NA,0,0,0,0,0,0,0,0,0,0,0,0,0,0,0,0,0,0,0,0,0,0,0,0,0,0,0,0,0,0,0,0,0,0,0,0,0,0,0,0,0,0,0,0,0,0,0,0,0,0,0,0,0,0
Collozoum inerme,eSNCM,20000,0,0,0,0,0,7,0,0,0,0,0,0,0,0,0,0,0,0,0,0,0,0,0,0,0,0,0,0,50,0,0,0,0,0,3,0,0,0,0,0,0,0,0,0,0,0,65,0,0,0,0,0,1,1
Collozoum longiforme,eSNCM,8000,0,0,0,0,0,0,0,0,0,0,0,0,0,0,0,0,0,0,0,0,0,0,0,0,0,0,0,0,0,0,0,0,0,0,0,0,0,0,0,0,0,0,0,0,0,0,0,0,0,0,0,0,0,0
Collozoum minus,eSNCM,20000,0,0,0,0,0,0,0,0,0,0,0,0,0,0,0,0,0,0,0,0,0,0,0,0,0,0,0,0,0,0,0,0,0,0,0,0,0,0,0,0,0,0,0,0,0,0,0,0,0,0,0,0,0,0
Collozoum moebii,eSNCM,400000,0,0,0,0,0,0,0,0,0,0,0,0,0,0,0,0,0,0,0,0,0,0,0,0,0,0,0,0,0,0,0,0,0,0,0,0,0,0,0,0,0,0,0,0,0,0,0,0,0,0,0,0,0,0
Collozoum pelagicum,eSNCM,5000,0,0,0,0,0,0,0,0,0,0,0,0,0,0,0,0,0,0,0,0,0,0,0,0,0,0,0,0,0,0,0,0,0,0,0,0,0,0,0,0,0,0,0,0,0,0,0,0,0,0,0,0,0,0
Collozoum radiosum,eSNCM,260000,0,0,0,0,0,0,0,0,0,0,0,0,0,0,0,0,0,0,0,0,0,0,0,0,0,0,0,0,0,0,0,0,0,0,0,0,0,0,0,0,0,0,0,0,0,0,0,0,0,0,0,0,0,0
Collozoum serpentinum,eSNCM,1000,0,0,0,0,0,0,0,0,0,0,0,0,0,0,0,0,0,0,0,0,0,0,0,0,0,0,0,0,0,0,0,0,0,0,0,0,0,0,0,0,0,0,0,0,0,0,0,0,0,0,0,0,0,0
Collozoum vermiforme,eSNCM,NA,0,0,0,0,0,0,0,0,0,0,0,0,0,0,0,0,0,0,0,0,0,0,0,0,0,0,0,0,0,0,0,0,0,0,0,0,0,0,0,0,0,0,0,0,0,0,0,0,0,0,0,0,0,0
Coccolithus braarudii,CM,NA,0,0,0,0,0,0,0,0,0,0,0,0,0,0,0,0,0,0,0,0,0,0,0,0,0,0,0,0,0,0,0,0,0,0,0,0,0,0,0,0,0,0,0,0,0,0,0,0,0,0,0,0,0,0
Coolia sp.,CM,30,0,0,0,0,0,0,0,0,0,0,0,0,0,0,0,0,0,0,0,0,0,0,0,0,0,0,0,0,0,0,0,0,0,0,0,0,0,0,0,0,0,0,0,0,0,0,0,0,0,0,0,0,0,0
Crepidoodinium australe,CM,17,0,0,0,0,0,0,0,0,0,0,0,0,0,0,0,0,0,0,0,0,0,0,0,0,0,0,0,0,0,0,0,0,0,0,0,0,0,0,0,0,0,0,0,0,0,0,0,0,0,0,0,0,0,0
Crepidoodinium cyprinodontum,CM,7,0,0,0,0,0,0,0,0,0,0,0,0,0,0,0,0,0,0,0,0,0,0,0,0,0,0,0,0,0,0,0,0,0,0,0,0,0,0,0,0,0,0,0,0,0,0,0,0,0,0,0,0,0,0
Cryptochlora perforans,CM,8,0,0,0,0,0,0,0,0,0,0,0,0,0,0,0,0,0,0,0,0,0,0,0,0,0,0,0,0,0,0,0,0,0,0,0,0,0,0,0,0,0,0,0,0,0,0,0,0,0,0,0,0,0,0
Cryptoperidiniopsis sp,GNCM,6,0,0,0,0,0,0,0,0,0,0,0,0,0,0,0,0,0,0,0,0,0,0,0,0,0,0,0,0,0,0,0,0,0,0,0,0,0,0,0,0,0,0,0,0,0,0,0,0,0,0,0,0,0,0
Cymbomonas tetramitiformis,CM,15,0,0,0,0,0,0,0,16,0,0,0,0,0,0,48,0,0,0,0,0,0,0,0,0,0,0,0,0,0,0,0,0,0,0,491,0,0,0,0,0,0,0,0,0,0,0,0,0,0,1,0,0,0,0
Cyrtostrombidium paraboreale,GNCM,115,0,0,0,0,0,0,0,0,0,0,0,0,0,0,0,0,0,0,0,0,0,0,0,0,0,0,0,0,0,0,0,0,0,0,0,0,0,0,0,0,0,0,0,0,0,0,0,0,0,0,0,0,0,0
Cyclorbiculina compressa,eSNCM,NA,0,0,0,0,0,0,0,0,0,0,0,0,0,24,0,0,0,0,0,0,0,0,0,0,0,0,0,0,0,0,0,0,0,0,0,0,0,0,0,0,0,0,0,0,0,0,0,0,0,0,0,0,0,0
Dactylodinium pterobelotum,CM,16,0,0,0,0,0,0,0,0,0,0,0,0,0,0,0,0,0,0,0,0,0,0,0,0,0,0,0,0,0,0,0,0,0,0,0,0,0,0,0,0,0,0,0,0,0,0,0,0,0,0,0,0,0,0
Dictyocoryne profunda,eSNCM,250,0,2,0,0,2,0,0,0,0,0,0,2,0,0,46,0,0,0,0,2,0,0,0,0,0,0,0,0,0,0,0,0,0,5,0,2,0,0,1,0,5,5,0,0,0,4,0,14,10,0,0,0,12,0
Dictyocoryne truncatum,eSNCM,250,0,0,0,0,2,0,0,0,0,0,0,0,0,0,14,0,0,0,0,2,0,0,1,0,0,0,0,0,0,0,0,0,0,1,0,0,0,0,0,0,14,5,0,0,0,0,0,0,4,0,0,0,12,0
Didymocyrtis tetrathalamus,eSNCM,180,0,0,0,0,2,0,0,0,0,0,0,1,1,0,47,0,0,0,0,27,0,0,0,2,0,0,0,0,0,0,0,0,0,8,0,0,0,2,1,0,23,11,0,0,0,0,0,7,10,0,0,0,15,5
Dinobryon balticum,CM,11,0,14,0,0,0,2,0,0,0,67,733,0,0,0,0,0,0,0,0,0,0,0,0,0,0,0,0,0,246,0,3,0,0,0,2969,0,0,0,0,578,0,0,0,0,0,0,367,0,0,0,0,0,0,0
Dinobryon faculiferum,CM,8,2,0,0,0,0,0,0,0,0,2,154,1,0,0,0,0,0,0,0,0,0,0,0,0,0,0,0,0,34,0,0,0,0,0,5359,0,0,0,0,378,0,0,0,0,0,0,14,0,0,0,0,0,0,0
Dinophysis acuminata,pSNCM,48,0,45,0,2,0,5,492,181,9,9,37,42,4,12,241,2113,13,819,0,0,31,0,19,0,0,17,0,1212,1959,0,30,71,0,0,23032,1,0,2,0,2121,28,0,0,0,0,4,341,0,16,84,0,8,0,0
Dinophysis acuta,pSNCM,74,4,0,0,0,0,32,11,2,0,0,58,0,0,0,26,46,0,277,0,0,0,0,0,0,2,0,0,8,338,0,45,39,0,0,5981,2,0,0,0,87,1,0,15,1,0,2,876,0,0,15,0,0,0,0
Dinophysis caudata,pSNCM,130,0,0,0,1,5,0,158,31,0,2,0,25,14,65,1,7546,35,198,0,0,0,1,33,0,4,16,0,162,976,1,12,46,0,0,840,0,0,0,1,1,111,0,0,0,0,4,6,0,113,2,6,17,0,0
Dinophysis fortii,pSNCM,60,0,3,0,6,34,0,53,9,0,5,1,7,2,22,60,134,10,54,0,0,0,0,1,0,0,6,1,445,676,5,37,1,0,1,147,0,0,1,0,3,1,0,0,0,0,3,3,4,0,145,1,53,1,2
Dinophysis infundibulum,pSNCM,25,0,0,0,0,0,0,0,1,0,0,0,0,0,0,0,0,4,0,0,0,0,0,0,0,0,0,0,28,31,0,0,0,0,0,0,0,0,0,0,0,1,0,0,0,0,0,0,0,0,0,0,0,0,0
Dinophysis miles,pSNCM,160,0,0,0,5,1,0,3,9,0,0,0,0,0,0,0,0,0,0,0,0,0,0,0,0,0,15,0,1,0,0,0,0,0,0,0,0,0,0,0,0,0,0,0,0,0,0,0,0,0,0,5,0,0,0
Dinophysis norvegica,pSNCM,50,0,13,0,0,2,2,0,1,0,29,197,0,0,0,0,0,0,0,0,0,9,0,0,0,0,0,0,6,5,0,9,0,0,0,11357,0,0,0,0,1591,0,0,0,0,0,0,449,0,1,0,0,3,0,0
Dinophysis ovum ,pSNCM,40,0,0,0,0,0,0,0,0,0,0,0,0,0,0,0,0,0,0,0,0,0,0,0,0,0,0,0,0,0,0,0,0,0,0,0,0,0,0,0,0,0,0,0,0,0,0,0,0,0,0,0,0,0,0
Dinophysis sacculus,pSNCM,45,0,0,0,0,4,0,3,1,0,0,0,0,0,0,0,1,0,23,0,0,0,0,0,0,0,0,0,0,1383,0,0,7,0,0,1290,0,0,0,0,1,0,0,0,0,0,0,0,0,0,1,0,12,0,0
Dinophysis tripos,pSNCM,100,0,1,1,0,0,0,116,35,0,0,0,8,1,0,0,457,0,11,0,0,16,8,0,0,0,6,0,6,78,0,1,0,0,0,463,2,0,0,0,26,0,0,0,0,0,1,1,0,0,58,2,33,0,0
Dinothrix paradoxa,eSNCM,17,0,0,0,0,3,0,6,0,0,0,0,0,0,0,0,0,0,0,0,0,0,0,0,0,0,0,0,0,0,0,0,0,0,0,0,0,0,0,0,0,0,0,0,0,0,0,0,0,0,0,0,0,0,0
Diploconus fasces,eSNCM,250,0,0,0,0,0,0,0,0,0,0,0,0,0,0,0,0,0,0,0,0,0,0,0,0,0,0,0,0,31,0,0,0,0,0,0,0,0,0,0,0,0,0,0,0,0,0,0,0,0,0,0,0,0,0
Disolenia quadrata,eSNCM,80,0,0,0,0,0,0,0,0,0,0,0,0,0,0,0,0,0,0,0,0,0,0,0,0,0,0,0,0,0,0,0,0,0,0,0,0,0,0,0,0,0,0,0,0,0,0,0,0,0,0,0,0,0,0
Disolenia tenuissima,eSNCM,80,0,0,0,0,0,0,0,0,0,0,0,0,0,0,0,0,0,0,0,0,0,0,0,0,0,0,0,0,0,0,0,0,0,0,0,0,0,0,0,0,0,0,0,0,0,0,0,0,0,0,0,0,0,0
Disolenia zanguebarica,eSNCM,90,0,0,0,0,0,0,0,0,0,0,0,0,0,0,0,0,0,0,0,0,0,0,0,0,0,0,0,0,0,0,0,0,0,0,0,0,0,0,0,0,0,0,0,0,0,0,0,0,0,0,0,0,0,0
Dinotrix rugata,eSNCM,12,0,0,0,0,0,0,0,0,0,0,0,0,0,0,0,0,0,0,0,0,0,0,0,0,0,0,0,0,0,0,0,0,0,0,0,0,0,0,0,0,0,0,0,0,0,0,0,0,0,0,0,0,0,0
Dinotrix phymatodea,eSNCM,20,0,0,0,0,0,0,0,0,0,0,0,0,0,0,0,0,0,0,0,0,0,0,0,0,0,0,0,0,0,0,0,0,0,0,0,0,0,0,0,0,0,0,0,0,0,0,0,0,0,0,0,0,0,0
Dinotrix pseudoparadoxa,eSNCM,20,0,0,0,0,0,0,0,0,0,0,0,0,0,0,0,0,0,0,0,0,0,0,0,0,0,0,0,0,0,0,0,0,0,0,0,0,0,0,0,0,0,0,0,0,0,0,0,0,0,0,0,0,0,0
Dinotrix quadrilobata,eSNCM,24,0,0,0,0,0,0,0,0,0,0,0,0,0,0,0,0,0,0,0,0,0,0,0,0,0,0,0,0,0,0,0,0,0,0,0,0,0,0,0,0,0,0,0,0,0,0,0,0,0,0,0,0,0,0
Dissodinium pseudolunula,CM,25,0,0,0,3,0,0,6,0,0,0,4,0,0,0,39,0,0,0,0,0,0,0,0,0,0,1,0,25,0,0,1,0,0,0,668,0,0,0,0,0,0,0,0,0,0,0,10,0,0,57,0,0,0,0
Dolichomastix tenuilepis,CM,4,0,0,0,0,0,0,0,0,0,0,0,0,0,0,0,0,0,0,0,0,0,0,0,0,0,0,0,0,0,0,0,0,0,0,0,0,0,0,0,0,0,0,0,0,0,0,0,0,0,0,0,0,0,0
Dorataspis loricata,eSNCM,250,0,0,0,0,0,0,0,0,0,0,0,0,0,0,0,0,0,0,0,0,0,0,0,0,0,0,0,0,0,0,0,0,0,0,0,0,0,0,0,0,0,0,0,0,0,0,0,0,0,0,0,0,0,0
Durinskia capensis,pSNCM,22,0,0,0,0,0,0,0,0,0,0,0,0,0,0,0,0,0,0,0,0,0,0,0,0,0,0,0,0,0,0,0,0,0,0,0,0,0,0,0,0,0,0,0,0,0,0,0,0,0,0,0,0,0,0
Durinskia agilis,eSNCM,30,0,0,0,0,0,0,0,0,0,0,0,0,0,0,0,0,2,0,0,0,0,0,0,0,0,0,0,0,341,0,0,0,0,0,0,0,0,0,0,0,0,0,0,0,0,0,0,0,0,0,0,0,0,0
Durinskia kwazulunatalensis,eSNCM,22,0,0,0,0,0,0,0,0,0,0,0,0,0,0,0,0,0,0,0,0,0,0,0,0,0,0,0,0,0,0,0,0,0,0,0,0,0,0,0,0,0,0,0,0,0,0,0,0,0,0,0,0,0,0
Effrenium voratum,CM,15,0,0,0,0,0,0,0,0,0,0,0,0,0,0,0,0,0,0,0,0,0,0,0,0,0,0,0,0,0,0,0,0,0,0,0,0,0,0,0,0,0,0,0,0,0,0,0,0,0,0,0,0,0,0
Elphidium,pSNCM,NA,0,2,11,6,37,730,0,14,0,1,323,4,22,21,38,0,0,21,0,0,0,0,18,0,2,1,0,30,98,27,20,2,3,0,56,0,0,0,0,52,0,0,0,0,152,0,106,0,8,2,1,0,0,2
Emiliania huxleyi,CM,4,23,367,6,225,0,153,10,469,425,21,82,10,5,99,17,2427,0,0,16,207,6,0,53,6,0,84,16,0,9352,433,1085,298,123,69,1790,224,2,0,0,34,96,3,64,7,0,318,498,171,90,106,1,10,3,804
Euchitonia elegans-furcata,eSNCM,500,0,0,0,0,2,0,0,0,0,0,0,0,0,0,33,0,0,0,0,0,0,0,0,0,0,0,0,0,7,0,0,0,0,0,0,2,0,0,1,0,10,2,0,0,0,0,0,0,8,0,0,0,10,0
Euplotes uncinatus,eSNCM,93,0,0,0,0,0,0,0,0,0,0,0,0,0,0,0,0,0,0,0,0,0,0,0,0,0,0,0,0,0,0,0,0,0,0,0,0,0,0,0,0,0,0,0,0,0,0,0,0,0,0,0,0,0,0
Fibrocapsa japonica,CM,17.5,0,0,0,0,0,0,0,0,0,0,0,1,2,1,26,0,0,0,0,0,0,0,0,0,0,0,0,190,14,1,0,0,0,0,1147,0,0,0,0,2,0,0,0,0,0,1,0,0,2,0,0,0,0,0
Florenciella,CM,0.6,0,0,0,0,0,0,0,0,0,0,0,0,0,0,0,0,0,0,0,0,0,0,0,0,0,0,0,0,0,0,0,0,0,0,0,0,0,0,0,0,0,0,0,0,0,3,0,0,0,0,0,0,0,0
Fragilidium duplocampanaeforme,CM,62,0,0,0,0,0,0,0,0,0,0,0,0,0,0,48,0,0,0,0,0,0,0,0,0,0,0,0,0,0,0,0,0,0,0,0,0,0,0,0,0,0,0,0,0,0,0,0,0,0,0,0,0,0,0
Fragilidium heterolobum,CM,55,0,0,0,0,0,0,0,0,0,0,0,0,0,0,0,0,0,0,0,0,0,0,0,0,0,0,0,0,0,0,0,0,0,0,0,0,0,0,0,0,0,0,0,0,0,0,0,0,0,0,0,0,0,0
Fragilidium mexicanum,CM,50,0,0,0,0,0,0,0,0,0,0,0,0,0,0,0,0,0,0,0,0,0,0,0,0,0,0,0,0,0,0,0,0,0,0,0,0,0,0,0,0,0,0,0,0,0,0,0,0,0,0,0,0,0,0
Fragilidium subglobosum,CM,40,0,0,0,0,0,7,0,6,0,0,1,0,0,0,0,0,0,0,0,0,0,0,0,0,0,0,0,0,0,0,2,0,0,0,569,0,0,0,0,36,0,0,0,0,0,0,1,0,0,0,0,0,0,0
Gambierdiscus toxicus,CM,70,0,0,0,0,0,0,0,0,0,0,0,0,2,5,0,0,0,0,0,0,0,0,0,0,0,0,0,0,0,0,0,0,0,0,0,0,0,0,0,0,0,0,0,0,0,0,0,0,6,0,0,0,0,0
Geminigera cryophila,CM,5,0,0,2,0,0,0,0,0,0,0,0,0,0,0,45,0,0,0,0,0,0,0,0,0,0,0,0,0,0,0,0,0,0,0,0,0,0,0,0,0,0,0,0,0,0,0,0,0,0,0,0,0,0,0
Globigerina bulloides,eSNCM,200,3,876,64,1730,2096,3328,0,310,1367,82,375,12,249,1204,979,1416,8,510,315,1623,63,25,383,189,10,24,323,297,2495,766,6298,3616,1132,461,130,1471,137,473,5,295,816,28,51,77,113,2007,1448,1120,97,2356,16,102,379,1135
Globigerina cristata,eSNCM,NA,0,0,0,0,0,0,0,0,0,0,0,0,0,0,0,0,0,0,0,0,0,0,0,0,0,0,0,0,0,0,0,0,0,0,0,0,0,0,0,0,0,0,0,0,0,0,0,0,0,0,0,0,0,0
Globigerina falconensis,eSNCM,NA,0,13,0,930,1251,136,0,270,559,0,31,7,142,740,74,184,4,328,260,1035,4,13,217,7,6,5,259,68,393,357,1568,2476,820,326,0,594,60,154,0,31,270,6,0,0,17,313,108,795,59,1096,4,83,225,726
Globigerinella aequilateralis,eSNCM,NA,0,0,0,0,0,0,0,0,0,0,0,0,0,0,0,0,0,0,0,0,0,0,0,0,0,0,0,0,0,0,0,0,0,0,0,0,0,0,0,0,0,0,0,0,0,0,0,0,0,0,0,0,0,0
Globigerinella siphonifera,eSNCM,NA,0,1,0,1325,2298,46,0,296,215,0,4,3,120,1882,33,170,8,448,128,1406,0,11,235,182,6,25,433,112,898,864,2358,2410,1147,537,0,360,25,405,6,127,635,85,0,0,278,103,29,936,83,866,20,18,532,1296
Globigerinita glutinata,eSNCM,NA,3,502,2,1425,2371,1723,0,210,800,9,280,12,379,1837,742,885,6,471,296,1432,19,23,353,207,4,8,475,180,2070,801,4480,2874,983,444,0,1213,121,413,9,315,878,97,24,15,396,853,946,1131,227,1873,20,28,927,1321
Globigerinoides conglobatus,eSNCM,NA,0,2,0,440,1788,19,0,132,13,0,1,3,54,1112,20,43,8,61,69,854,0,13,306,77,3,2,417,146,84,562,100,457,620,481,0,17,41,405,11,129,348,104,0,0,30,46,0,885,80,23,8,1,443,1102
Globigerinoides elongatus,eSNCM,NA,0,0,0,0,0,0,0,113,0,0,0,0,7,134,0,10,0,0,0,0,0,0,0,0,0,0,28,23,1,0,0,70,4,3,0,0,0,153,0,0,0,3,0,0,0,0,0,60,18,0,0,0,102,5
Globigerinoides ruber,eSNCM,NA,0,4,0,2068,2798,37,0,573,553,0,9,4,218,3941,131,372,11,948,165,2522,1,49,706,190,9,30,686,205,3682,1059,1512,4166,1953,1074,0,307,114,587,18,158,992,128,0,2,457,217,16,1469,146,938,38,24,833,2704
Globigerinoides sacculifer,eSNCM,NA,0,0,0,0,0,0,0,0,0,0,0,0,0,0,0,0,0,0,0,0,0,0,0,0,0,0,0,0,0,0,0,0,0,0,0,0,0,0,0,0,0,0,0,0,0,0,0,0,0,0,0,0,0,0
Globoquadrina conglomerata,eSNCM,NA,0,21,33,157,441,0,0,20,0,0,5,0,25,56,0,113,0,3,13,18,51,0,50,1,3,4,79,12,0,561,1,19,93,27,0,0,0,75,8,0,431,22,0,0,1,9,26,4,60,2,0,0,381,109
Globoquadrina dutertrei,eSNCM,NA,0,0,0,0,0,0,0,0,0,0,0,0,0,0,0,0,0,0,0,0,0,0,0,0,0,0,0,0,0,0,0,0,0,0,0,0,0,0,0,0,0,0,0,0,0,0,0,0,0,0,0,0,0,0
Globorotalia hirsuta,eSNCM,NA,0,4,0,127,361,72,0,55,410,0,0,8,4,213,99,47,1,218,167,57,11,12,29,23,1,2,115,14,4,122,1987,797,373,139,1,30,32,82,0,24,116,2,1,1,5,89,56,283,4,96,2,4,21,129
Globorotalia inflata,eSNCM,NA,0,0,0,0,0,0,0,0,0,0,0,0,0,0,0,0,0,0,0,0,0,0,0,0,0,0,0,0,0,0,0,0,0,0,0,0,0,0,0,0,0,0,0,0,0,9,0,0,0,0,0,0,0,0
Globorotalia menardii,eSNCM,NA,0,0,1,1437,1946,30,0,260,377,0,1,2,444,1279,16,174,8,94,201,710,1,15,320,166,4,16,559,128,38,1113,37,529,575,675,66,0,36,461,8,57,346,139,0,0,112,58,2,988,72,49,22,2,675,1383
Globorotalia tumida,eSNCM,NA,0,0,0,363,758,13,0,46,13,0,0,1,121,428,59,124,2,61,18,211,1,3,120,76,1,5,148,83,6,472,12,94,210,194,0,1,52,314,13,30,189,76,0,0,1,9,2,274,47,5,8,2,386,493
Gonyaulax alaskensis,CM,70,0,0,0,0,2,0,3,0,0,0,11,0,0,0,0,0,0,0,0,0,0,0,0,0,0,0,0,0,0,0,0,0,0,0,1,0,0,0,0,46,0,0,0,0,0,1,34,0,1,0,0,2,0,0
Gonyaulax diegensis,CM,40,0,0,0,0,0,0,9,0,0,0,2,0,0,0,0,39,6,4,0,0,0,0,1,0,1,1,0,12,52,0,0,15,0,0,6,1,0,0,0,0,4,0,0,0,0,0,0,0,0,2,0,9,0,0
Gonyaulax polygramma,CM,40,0,0,0,27,17,0,25,0,0,4,69,1,2,69,33,1854,26,48,6,0,0,0,64,0,1,29,1,238,1108,2,129,38,0,0,102,3,0,16,0,0,53,0,0,0,0,5,210,1,41,11,2,22,0,0
Gonyaulax spinifera,CM,40,0,1,1,27,15,121,9,29,80,0,91,0,2,4,157,600,10,163,109,106,5,0,34,117,1,1,0,38,1414,191,306,326,74,3,2224,69,1,2,0,634,12,0,0,0,0,142,595,7,7,305,0,21,4,23
Grammatodinium tongyeonginum,CM,35,0,0,0,0,0,0,0,0,0,0,0,0,0,0,0,0,0,0,0,0,0,0,0,0,0,0,0,0,0,0,0,0,0,0,0,0,0,0,0,0,0,0,0,0,0,0,0,0,0,0,0,0,0,0
Gymnodinium aureolum,CM,25.5,1,0,0,10,0,0,0,0,0,0,64,0,0,0,1,0,0,0,0,0,0,0,0,0,0,0,0,0,3,1,63,1,0,0,365,1,0,0,0,91,0,0,0,0,0,0,209,0,0,0,0,4,0,0
Gymnodinium catenatum,CM,60,0,0,0,8,3,0,3,10,5,0,0,34,54,4,19,1,7,182,1,0,0,0,28,0,0,1,0,16,151,0,0,130,0,0,11,3,0,0,0,1,0,0,0,0,2,0,0,0,0,451,0,3,0,0
Gymnodinium flavum,CM,30,0,0,0,0,4,0,16,0,0,0,0,0,0,0,0,0,0,0,0,0,0,0,13,0,0,0,0,0,29,0,0,0,0,0,0,0,0,0,0,0,0,0,0,0,0,9,0,0,0,1,0,9,0,0
Gymnodinium fulgens,CM,100,0,0,0,0,0,0,0,0,0,0,0,0,0,0,0,0,0,0,0,0,0,0,0,0,0,0,0,0,0,0,0,0,0,0,0,0,0,0,0,0,0,0,0,0,0,0,0,0,0,0,0,0,0,0
Gymnodinium herbaceum,CM,55,0,0,0,0,0,0,0,0,0,0,0,0,0,0,0,0,0,0,0,0,0,0,0,0,0,0,0,0,1,0,0,0,0,0,0,0,0,0,0,0,0,0,0,0,0,0,0,0,0,0,0,0,0,0
Gymnodinium impudicum,CM,30,0,0,0,0,0,0,0,1,0,0,0,0,0,1,0,0,1,1,0,0,0,0,13,0,0,0,0,0,10,0,0,0,0,0,26,0,0,0,0,0,0,0,0,0,2,0,0,0,0,0,0,0,0,0
Gymnodinium ravenescens,CM,53,0,0,0,0,0,0,0,0,0,0,0,0,0,0,0,0,0,0,0,0,0,0,0,0,0,0,0,0,0,0,0,0,0,0,0,0,0,0,0,0,0,0,0,0,0,0,0,0,0,0,0,0,0,0
Gymnodinium smaydae,CM,8,0,0,0,0,0,0,0,0,0,0,0,0,0,0,0,0,0,0,0,0,0,0,0,0,0,0,0,0,0,0,0,0,0,0,0,0,0,0,0,0,0,0,0,0,0,0,0,0,0,0,0,0,0,0
Gyrodinium flavescens,CM,50,0,0,0,0,0,0,0,0,0,0,0,0,0,0,0,0,0,0,0,0,0,0,0,0,0,0,0,0,0,0,0,0,0,0,0,0,0,0,0,0,0,0,0,0,0,0,0,0,0,0,0,0,0,0
Gyrodinium melo,CM,64,0,0,0,0,0,0,0,0,0,0,0,0,0,0,0,0,0,0,0,0,0,0,0,0,0,0,0,0,0,0,0,0,0,0,0,0,0,0,0,0,0,0,0,0,0,0,0,0,0,0,0,0,0,0
Gyrodinium vorax,CM,32,0,0,0,0,0,0,0,0,0,0,0,0,0,0,0,0,0,0,0,0,0,0,0,0,0,0,0,0,0,0,0,0,0,0,0,0,0,0,0,0,0,0,0,0,0,0,0,0,0,0,0,0,0,0
Haptolina brevifila,CM,5.5,0,0,0,0,0,0,2,0,0,0,0,0,0,0,0,0,0,0,0,0,0,0,0,0,0,0,0,0,0,0,0,0,0,0,0,0,0,0,0,31,0,0,0,0,0,0,0,0,0,1,0,1,0,0
Haptolina ericina,CM,6.5,0,0,0,0,0,0,0,0,0,0,0,0,0,0,0,0,0,0,0,0,0,0,0,0,0,0,0,0,0,0,0,0,0,0,6,0,0,0,0,73,0,0,0,0,0,0,0,0,0,1,0,1,0,0
Haptolina hirta,CM,6.5,0,0,0,0,0,0,0,0,0,0,15,0,0,0,0,0,0,0,0,0,0,0,0,0,0,0,0,0,12,0,0,0,0,0,34,0,0,0,0,0,0,0,0,0,0,0,0,0,0,3,0,1,0,0
Heliodiscus astericus,eSNCM,150,0,0,0,0,0,0,0,0,0,0,0,0,0,0,0,0,0,0,0,0,0,0,0,0,0,0,0,0,0,0,0,0,0,0,0,0,0,0,0,0,0,0,0,0,0,0,0,0,0,0,0,0,0,0
Herdmania litoralis,CM,30,0,0,0,0,0,0,0,0,0,0,0,0,0,0,42,0,0,0,0,0,0,0,0,0,0,0,0,0,44,0,1,0,0,0,19,0,0,0,0,0,0,0,0,0,0,0,0,0,0,0,0,0,0,0
Heterocapsa circularisquama,CM,22.5,0,0,0,0,0,0,0,0,0,0,0,0,0,2,0,0,0,0,0,0,0,0,0,0,0,0,0,7,0,0,0,0,0,0,0,0,0,0,0,0,0,0,0,0,0,0,0,0,0,0,0,0,0,0
Heterocapsa rotundata,CM,13,0,31,0,0,1,0,7,644,0,0,173,0,0,20,300,0,0,0,0,0,0,0,4,0,0,0,0,0,111,0,17,0,0,0,21209,0,0,0,0,1147,0,0,0,0,0,0,20,0,0,2,0,15,0,0
Heterocapsa steinii,CM,21,0,0,0,0,0,0,0,0,0,0,0,0,0,0,0,0,0,0,0,0,0,0,0,0,0,0,0,0,0,0,0,0,0,0,0,0,0,0,0,0,0,0,0,0,0,0,0,0,0,0,0,0,0,0
Heterosigma akashiwo,CM,20,0,0,0,0,0,0,0,0,0,0,0,0,0,0,0,0,0,0,0,0,0,0,0,0,0,0,0,0,0,0,0,0,0,0,0,0,0,0,0,0,0,0,0,0,0,0,0,0,0,0,0,0,0,0
Heterostegina antillarum,eSNCM,NA,0,0,0,0,0,0,0,0,0,0,0,0,0,9,0,0,0,0,0,0,0,0,0,0,0,0,0,0,0,0,0,0,0,0,0,0,0,0,0,0,0,0,0,0,0,0,0,0,0,0,0,0,0,0
Hexacontium gigantheum,eSNCM,100,0,0,0,0,0,0,0,0,0,0,0,0,0,0,0,0,0,0,0,0,0,0,0,0,0,0,0,0,0,0,0,0,0,0,0,0,0,0,0,0,0,0,0,0,0,0,0,0,0,0,0,0,0,0
Hexacontium pachydermum,eSNCM,100,0,0,0,0,1,0,1,0,0,0,0,0,0,0,0,0,0,0,0,0,0,0,0,0,0,0,0,0,0,0,0,0,0,0,12,0,0,0,0,0,0,0,0,0,0,0,19,0,0,0,0,0,0,0
Hexalonche amphisiphon,eSNCM,150,0,0,0,0,0,0,0,0,0,0,0,0,0,0,19,0,0,0,0,2,0,0,0,0,0,0,0,0,33,0,0,0,0,0,0,0,0,0,0,0,0,0,0,0,0,0,0,0,2,0,0,0,10,0
Histioneis biremis,eSNCM,110,0,0,0,0,1,0,1,0,0,0,0,0,0,0,0,0,0,0,0,0,0,0,0,0,0,0,0,0,0,0,0,0,0,0,0,0,0,0,0,0,0,0,0,0,0,0,0,0,0,0,0,0,0,0
Histioneis carinata,eSNCM,90,0,0,0,0,0,0,4,0,0,0,0,0,0,0,0,0,0,0,0,0,0,0,0,0,0,0,0,0,0,0,0,0,0,0,0,0,0,0,0,0,0,0,0,0,0,0,0,0,1,0,0,0,0,0
Histioneis cymbalaria,eSNCM,140,0,0,0,0,0,0,0,0,0,0,0,1,0,0,0,0,0,0,0,0,0,0,0,0,0,0,1,0,0,0,0,0,0,0,0,0,0,0,0,0,0,0,0,0,0,0,0,0,0,0,0,0,0,0
Histioneis depressa,eSNCM,60,0,0,0,0,0,0,2,0,0,0,0,0,0,0,0,0,0,0,0,0,0,0,0,0,0,0,0,2,0,0,0,0,0,0,0,0,0,2,0,0,0,0,0,0,0,0,0,0,0,0,0,0,0,0
Histioneis elongata,eSNCM,120,0,0,0,0,5,0,0,0,0,0,0,0,0,0,0,0,0,0,0,0,0,0,0,0,0,0,0,0,0,0,0,0,0,0,0,0,0,0,0,0,0,0,0,0,0,0,0,0,1,0,0,0,1,0
Histioneis gubernans,eSNCM,70,0,0,0,0,0,0,0,0,0,0,0,0,0,0,0,0,0,0,0,0,0,0,0,0,0,0,0,0,0,0,0,0,0,0,0,0,0,0,0,0,0,0,0,0,0,0,0,0,0,0,0,0,0,0
Histioneis highleyi,eSNCM,70,0,0,0,0,1,0,0,0,0,0,0,0,0,0,0,0,0,0,0,0,0,0,0,0,0,0,0,0,0,0,0,0,0,0,0,0,0,0,0,0,0,0,0,0,0,0,0,0,0,0,0,0,0,0
Histioneis hyalina,eSNCM,68,0,0,0,2,2,0,1,0,0,0,0,0,0,0,0,0,0,0,0,0,0,0,0,0,1,0,0,0,12,3,0,0,0,0,0,0,0,4,0,0,0,0,0,0,0,0,0,2,0,0,0,0,0,0
Histioneis inclinata,eSNCM,29,0,0,0,0,1,0,0,0,0,0,0,1,0,0,0,0,0,0,0,0,0,0,0,0,0,0,0,0,0,0,0,0,0,0,0,0,0,0,0,0,0,0,0,0,0,0,0,0,0,0,0,0,0,0
Histioneis joergensenii,eSNCM,30,0,0,0,0,1,0,0,0,0,0,0,0,0,0,0,0,0,0,0,0,0,0,0,0,0,0,0,0,3,0,0,0,0,0,0,0,0,0,0,0,0,0,0,0,0,0,0,0,0,0,0,0,0,0
Histioneis longicollis,eSNCM,75,0,0,0,0,5,0,0,0,0,0,0,0,0,0,0,0,0,0,0,0,0,0,0,0,0,0,0,0,11,0,0,0,0,0,0,0,0,0,0,0,0,0,0,0,0,0,0,0,1,0,0,1,0,0
Histioneis megalocopa,eSNCM,140,0,0,0,1,2,0,5,0,0,0,0,0,0,1,0,0,0,0,0,0,0,0,0,0,0,0,0,0,0,0,0,0,0,0,0,0,0,0,0,0,0,0,0,0,0,0,0,8,0,0,1,0,0,0
Histioneis milneri,eSNCM,80,0,0,0,1,0,0,5,0,0,0,0,1,0,0,0,0,0,0,0,0,0,0,0,0,0,0,0,0,0,0,0,0,0,0,0,0,0,0,0,0,0,0,0,0,0,0,0,1,0,0,0,0,1,0
Histioneis mitchellana,eSNCM,120,0,0,0,0,2,0,1,0,0,0,0,0,0,0,0,0,0,0,0,0,0,0,0,0,0,0,0,0,0,0,0,0,0,0,0,0,0,0,0,0,0,0,0,0,0,0,0,0,0,0,1,0,0,0
Histioneis oxypteris,eSNCM,NA,0,0,0,0,3,0,1,0,0,0,0,0,0,0,0,0,0,0,0,0,0,0,0,0,0,0,0,0,0,0,0,0,0,0,0,0,0,0,0,0,0,0,0,0,0,0,0,0,0,0,0,1,0,0
Histioneis pacifica,eSNCM,63,0,0,0,0,0,0,0,0,0,0,0,0,0,0,0,0,0,0,0,0,0,0,0,0,0,0,0,0,0,0,0,0,0,0,0,0,0,0,0,0,0,0,0,0,0,0,0,0,0,0,0,0,0,0
Histioneis panaria,eSNCM,62,0,0,0,0,0,0,3,0,0,0,0,0,0,0,0,0,0,0,0,0,0,0,0,0,0,0,0,0,0,0,0,0,0,0,0,0,0,0,0,0,0,0,0,0,0,0,0,0,0,0,0,0,0,0
Histioneis panda,eSNCM,75,0,0,0,0,0,0,0,0,0,0,0,0,0,0,0,0,0,0,0,0,0,0,0,0,0,0,0,0,0,0,0,0,0,0,0,0,0,0,0,0,0,0,0,0,0,0,0,0,0,0,0,0,0,0
Histioneis paulseni,eSNCM,64,0,0,0,0,0,0,0,0,0,0,0,0,0,0,0,0,0,0,0,0,0,0,0,0,0,0,0,0,0,0,0,0,0,0,0,0,0,0,0,0,0,0,0,0,0,0,0,0,0,0,0,0,0,0
Histioneis pulchra,eSNCM,140,0,0,0,0,1,0,1,0,0,0,0,0,0,0,0,0,0,0,0,0,0,0,0,0,0,0,0,0,0,0,0,0,0,0,0,0,0,0,0,0,0,0,0,0,0,0,0,0,0,0,1,0,0,0
Histioneis reginella,eSNCM,55,0,0,0,0,0,0,0,0,0,0,0,0,0,0,0,0,0,0,0,0,0,0,0,0,0,0,0,0,0,0,0,0,0,0,0,0,0,0,0,0,0,0,0,0,0,0,0,0,0,0,0,0,0,0
Histioneis rotundata,eSNCM,38,0,0,0,0,0,0,0,0,0,0,0,0,0,0,0,0,0,0,0,0,0,0,0,0,0,0,0,0,0,0,0,0,0,0,0,0,0,0,0,0,0,0,0,0,0,0,0,0,0,0,0,0,0,0
Histioneis schilleri,eSNCM,150,0,0,0,0,0,0,0,0,0,0,0,0,0,0,0,0,0,0,0,0,0,0,0,0,0,0,0,0,0,0,0,0,0,0,0,0,0,0,0,0,0,0,0,0,0,0,0,0,0,0,0,0,0,0
Histioneis striata,eSNCM,42,0,0,0,0,0,0,0,0,0,0,0,1,0,0,0,0,0,0,0,0,0,0,0,0,1,0,0,0,0,0,0,0,0,0,0,0,0,0,0,0,0,0,0,0,0,0,0,0,0,0,0,0,0,0
Histioneis tubifera,eSNCM,52,0,0,0,0,2,0,0,0,0,0,0,0,0,0,0,0,0,0,0,0,0,0,1,0,0,0,0,0,0,0,0,0,0,0,0,0,0,0,0,0,0,0,0,0,0,0,0,0,2,0,0,4,0,0
Histioneis voukii,eSNCM,NA,0,0,0,0,0,0,0,0,0,0,0,0,0,0,0,0,0,0,0,0,0,0,0,0,0,0,0,0,0,0,0,0,0,0,0,0,0,0,0,0,0,0,0,0,0,0,0,0,0,0,0,0,0,0
Karenia brevis,CM,23,0,0,0,6,0,0,0,0,0,0,0,0,0,36126,0,1,22,4,1,0,0,0,0,0,1,2,1,20,329,6,0,1,0,0,20,0,0,0,0,739,0,0,0,0,0,0,10,0,0,0,0,0,0,0
Karenia mikimotoi,CM,25,1,0,0,2,0,21,10,64,0,4,7,0,1,68,24,0,16,24,1,0,0,0,0,0,0,0,0,483,467,0,2,0,0,0,6632,1,0,0,0,1031,0,0,0,0,0,0,46,0,2,1,0,2,0,0
Karenia papilionacea,CM,22,0,0,0,0,0,0,2,38,0,0,0,0,0,25,0,0,0,0,0,0,0,0,0,0,0,0,1,0,11,0,0,0,0,0,18,0,0,0,0,1,1,0,0,0,0,0,0,0,0,4,0,0,0,0
Karlodinium armiger,CM,20,0,0,0,0,0,0,0,0,0,0,0,0,0,0,0,0,0,0,0,0,0,0,0,0,0,0,0,0,3,0,0,0,0,0,0,0,0,0,0,0,0,0,0,0,0,0,0,0,0,0,0,0,0,0
Karlodinium azanzae,CM,25,0,0,0,0,0,0,0,0,0,0,0,0,0,0,0,0,0,0,0,0,0,0,0,0,0,0,0,0,0,0,0,0,0,0,0,0,0,0,0,0,0,0,0,0,0,0,0,0,0,0,0,0,0,0
Karlodinium veneficum,CM,13,0,0,0,0,4,0,4,0,4,0,390,0,0,0,118,0,0,0,0,0,0,0,0,0,1,1,0,19,11,0,0,0,0,0,568,0,0,0,0,17,0,0,0,0,0,0,415,0,2,2,0,0,0,0
Kofoidinium splendens,eSNCM,250,0,0,0,0,0,0,0,0,0,0,0,0,0,0,0,0,0,0,0,0,0,0,0,0,0,0,0,0,11,0,0,0,0,0,0,0,0,0,0,0,0,0,0,0,0,0,9,0,0,0,0,0,0,0
Kryptoperidinium foliaceum,pSNCM,40,0,0,0,0,0,0,0,3,0,0,0,0,0,0,0,0,0,3,0,0,0,0,0,0,0,0,0,0,76,0,0,1,0,0,547,0,0,0,0,0,0,0,0,0,0,0,0,0,0,0,0,0,0,0
Laboea strobila,GNCM,110,0,0,0,0,0,7,0,16,0,0,5,0,0,2,0,495,0,19,0,0,0,0,0,0,0,0,0,0,100,0,2,14,0,0,2181,0,0,0,0,621,15,0,0,0,0,0,125,0,14,43,6,0,0,0
Larcospira quadrangula,eSNCM,120,0,0,0,0,2,0,0,0,0,0,0,0,0,0,42,0,0,0,0,15,0,0,0,0,0,0,0,0,33,0,0,0,0,0,0,0,0,0,0,0,13,3,0,0,0,0,0,0,10,0,0,0,11,4
Lepidodinium chlorophorum,CM,25,0,0,0,0,0,0,0,7,0,0,0,0,0,0,0,0,0,1,0,0,0,0,0,0,0,0,0,0,0,0,0,0,0,0,1765,0,0,0,0,0,0,0,0,0,0,0,0,0,0,0,0,0,0,0
Lepidodinium viride,CM,35,0,0,0,0,0,0,0,0,0,0,0,0,0,0,88,0,0,0,0,0,0,0,0,0,0,0,0,0,0,0,0,0,0,0,1,0,0,0,0,0,0,0,0,0,0,0,0,0,0,0,0,0,0,0
Lepidodinium sp.,CM,14,0,0,0,0,0,0,0,0,0,0,0,0,0,0,0,0,0,0,0,0,0,0,0,0,0,0,0,0,0,0,0,0,0,0,0,0,0,0,0,0,0,0,0,0,0,0,0,0,0,0,0,0,0,0
Levanderina fissa,CM,42.5,0,3,0,0,0,0,0,0,0,4,0,0,1,0,1,0,5,0,0,0,0,0,23,0,0,0,0,203,50,0,1,0,0,0,49,0,0,0,0,2,0,0,0,0,0,0,0,0,0,0,0,0,0,0
Lingulodinium polyedra,CM,40,0,0,0,3,4,40,1,4,6,0,28,0,4,21,961,240,4,195,3,5,0,0,74,107,1,3,0,6,2050,76,126,367,38,9,3814,1,0,1,0,114,9,0,0,0,0,1,299,6,6,38,0,2,0,8
Lithoptera mülleri,eSNCM,300,0,0,0,0,0,0,0,0,0,0,0,0,0,0,0,0,0,0,0,0,0,0,0,0,0,0,0,0,33,0,0,0,0,0,0,0,0,0,0,0,0,0,0,0,0,0,0,0,0,0,0,0,0,0
Lonchostaurus rhombicus,eSNCM,250,0,0,0,0,0,0,0,0,0,0,0,0,0,0,0,0,0,0,0,0,0,0,0,0,0,0,0,0,0,0,0,0,0,0,0,0,0,0,0,0,0,0,0,0,0,0,0,0,0,0,0,0,0,0
Mantoniella antarctica,CM,4,0,0,0,0,0,0,0,0,0,0,0,0,0,0,0,0,0,0,0,0,0,0,0,0,0,0,0,0,0,0,0,0,0,0,0,0,0,0,0,0,0,0,0,0,0,0,0,0,0,0,0,0,0,0
Mantoniella squamata,CM,4,0,16,0,0,0,0,2,0,0,0,0,0,0,0,0,0,0,0,0,0,0,0,0,0,0,0,0,0,0,0,0,0,0,0,501,0,0,0,0,0,0,0,0,0,0,0,0,0,0,2,0,0,0,0
Margalefidinium polykrikoides,CM,25,0,0,0,0,7,0,3,0,0,25,9,0,31,3,0,6,60,0,0,0,0,0,2,0,0,0,0,25,19,2,0,0,0,0,5,0,0,0,0,32,1,0,0,0,0,0,13,0,0,0,4,0,0,0
Marginopora vertebralis,eSNCM,NA,0,0,0,0,0,0,18,0,0,0,0,0,0,0,0,0,0,0,0,0,0,0,0,0,0,0,0,0,0,0,0,0,0,0,0,0,0,0,0,0,0,0,0,0,0,0,0,0,10,0,0,0,0,0
Maristentor dinoferus,eSNCM,800,0,0,0,0,0,0,0,0,0,0,0,0,0,0,0,0,0,0,0,0,0,0,0,0,0,0,0,0,0,0,0,0,0,0,0,0,0,0,0,0,0,0,0,0,0,0,0,0,0,0,0,0,0,0
Mesodinium chamaeleon,pSNCM,21,0,0,0,0,0,0,0,0,0,0,0,0,0,0,0,0,0,0,0,0,0,0,0,0,0,0,0,0,0,0,0,0,0,0,0,0,0,0,0,0,0,0,0,0,0,0,0,0,0,0,0,0,0,0
Mesodinium coatsi,pSNCM,25,0,0,0,0,0,0,0,0,0,0,0,0,0,0,0,0,0,0,0,0,0,0,0,0,0,0,0,0,0,0,0,0,0,0,0,0,0,0,0,0,0,0,0,0,0,0,0,0,0,0,0,0,0,0
Mesodinium major,pSNCM,45,0,0,0,0,0,0,0,0,0,0,0,0,0,0,0,0,0,0,0,0,0,0,0,0,0,0,0,0,0,0,0,0,0,0,0,0,0,0,0,0,0,0,0,0,0,0,0,0,0,0,0,0,0,0
Mesodinium rubrum,pSNCM,25,1,20,170,0,0,59,30,194,2,3,26,2,21,5,272,111,25,38,0,0,0,0,77,0,0,1,0,665,125,1,3,28,0,0,41996,0,0,0,0,2445,1,0,0,0,2,20,4,0,6,276,0,0,0,0
Micromonas pusilla,CM,1.5,0,1,0,0,0,0,2,24,0,0,7,0,0,0,13,0,0,0,0,0,0,0,0,0,0,0,0,0,7,0,0,0,0,0,1940,0,0,0,0,0,0,0,0,0,0,0,0,0,0,0,1,0,0,0
Moestrupia oblonga,CM,15,0,0,0,0,0,0,0,0,0,0,0,0,0,0,0,0,0,0,0,0,0,0,0,0,0,0,0,0,0,0,0,0,0,0,0,0,0,0,0,0,0,0,0,0,0,0,0,0,0,0,0,0,0,0
Nematodinium sp,CM,60,0,0,0,0,0,0,0,0,0,0,0,0,0,0,0,0,0,0,0,0,0,0,0,0,0,0,0,0,0,0,0,0,0,0,0,0,0,0,0,0,0,0,0,0,0,0,0,0,0,0,0,0,0,0
Neogloboquadrina dutertrei,eSNCM,NA,3,42,31,1250,1983,267,0,194,657,1,101,2,686,1617,116,718,8,408,266,1686,41,24,563,192,6,21,293,164,634,685,937,951,383,406,0,193,83,306,12,141,792,70,0,1,56,194,59,494,99,600,22,2,364,1738
Nonionella stella,eSNCM,NA,0,0,0,0,0,0,0,0,0,0,0,0,52,0,19,2,0,0,0,0,0,0,4,0,0,0,0,0,0,0,0,0,0,0,0,0,0,0,0,0,0,0,0,0,0,0,0,0,0,0,0,0,0,0
Nusuttodinium latum,pSNCM,27,0,0,0,0,0,0,0,0,0,0,4,0,0,0,0,0,0,0,0,0,0,0,0,0,0,0,0,0,7,0,0,0,0,0,6,0,0,0,0,0,0,0,0,0,0,0,0,0,0,0,0,0,0,0
Nusuttodinium myriopyrenoides,pSNCM,70,0,0,0,0,0,0,0,0,0,0,0,0,0,0,0,0,0,0,0,0,0,0,0,0,0,0,0,0,0,0,0,0,0,0,0,0,0,0,0,0,0,0,0,0,0,0,0,0,0,0,0,0,0,0
Nusuttodinium poecilochroum,pSNCM,25,0,0,0,0,0,0,0,0,0,0,0,0,0,0,0,0,0,0,0,0,0,0,0,0,0,0,0,0,0,0,0,0,0,0,0,0,0,0,0,0,0,0,0,0,0,0,0,0,0,0,0,0,0,0
Ochromonas crenata,CM,NA,0,0,0,0,0,0,0,0,0,0,0,0,0,0,0,0,0,0,0,0,0,0,0,0,0,0,0,0,0,0,0,0,0,0,0,0,0,0,0,0,0,0,0,0,0,0,0,0,0,0,0,0,0,0
Ochromonas marina,CM,NA,0,0,0,0,0,0,0,0,0,0,0,0,0,0,0,0,0,0,0,0,0,0,0,0,0,0,0,0,0,0,0,0,0,0,0,0,0,0,0,0,0,0,0,0,0,0,0,0,0,0,0,0,0,0
Ochromonas monicis,CM,6.5,0,0,0,0,0,0,0,0,0,0,0,0,0,0,0,0,0,0,0,0,0,0,0,0,0,0,0,0,0,0,0,0,0,0,0,0,0,0,0,0,0,0,0,0,0,0,0,0,0,0,0,0,0,0
Ochromonas olivacea,CM,NA,0,0,0,0,0,0,0,0,0,0,0,0,0,0,0,0,0,0,0,0,0,0,0,0,0,0,0,0,0,0,0,0,0,0,0,0,0,0,0,0,0,0,0,0,0,0,0,0,0,0,0,0,0,0
Ochromonas sp.,CM,NA,0,0,0,0,0,0,0,0,0,0,0,0,0,0,0,0,0,0,0,0,0,0,0,0,0,0,0,0,0,0,0,0,0,0,0,0,0,0,0,0,0,0,0,0,0,0,0,0,0,0,0,0,0,0
Octodendron sp,eSNCM,NA,0,0,0,0,0,0,0,0,0,0,0,0,0,0,0,0,0,0,0,0,0,0,0,0,0,0,0,0,0,0,0,0,0,0,0,0,0,0,0,0,0,0,0,0,0,0,0,0,0,0,0,0,0,0
Omegastrombidium elegans,GNCM,55,0,0,0,0,0,0,0,0,0,0,0,0,0,0,0,0,0,0,0,0,0,0,0,0,0,0,0,0,0,0,0,1,0,0,0,0,0,0,0,0,0,0,0,0,0,0,0,0,0,0,0,0,0,0
Orbulina universa,eSNCM,NA,1,1,0,814,2427,135,0,409,555,0,4,11,238,1482,347,419,10,380,157,1400,1,13,393,287,5,31,656,195,1662,707,1599,2793,941,733,16,387,145,639,15,380,886,116,0,0,165,288,92,1025,122,1408,14,100,533,1336
Ornithocercus francescae,eSNCM,140,0,0,0,0,0,0,0,0,0,0,0,0,0,0,0,0,0,0,0,0,0,0,0,0,0,0,0,0,0,0,0,0,0,0,0,0,0,0,0,0,0,0,0,0,0,0,0,0,0,0,1,0,0,0
Ornithocercus heteroporus ,eSNCM,72,0,0,0,0,0,0,0,0,0,0,0,0,0,0,0,0,0,0,0,0,0,0,0,0,0,0,0,0,0,0,0,0,0,0,0,0,0,0,0,0,0,0,0,0,0,0,0,0,0,0,0,0,0,0
Ornithocercus magnificus,eSNCM,100,0,0,0,8,40,0,21,5,0,0,0,4,10,41,0,484,0,9,0,0,0,0,19,0,2,13,1,0,35,2,0,15,0,1,0,0,0,2,0,0,27,0,0,0,0,0,0,18,28,1,1,19,3,1
Ornithocercus quadratus,eSNCM,130,0,0,0,6,18,0,29,8,0,0,0,0,13,25,0,626,0,0,2,0,0,0,3,0,2,0,0,0,30,0,0,0,0,0,0,0,0,0,0,0,35,0,0,0,0,0,0,1,21,1,1,1,0,1
Ornithocercus splendidus,eSNCM,125,0,0,0,0,0,0,1,0,0,0,0,2,0,2,1,9,0,8,0,0,0,0,0,0,1,0,0,0,17,0,0,0,0,0,0,0,0,0,0,0,0,0,0,0,0,0,0,5,1,0,1,0,0,0
Ornithocercus steinii,eSNCM,150,0,0,0,2,16,0,12,0,0,0,0,3,9,2,0,923,0,0,0,0,0,0,17,0,2,6,0,2,26,0,0,0,0,0,0,0,0,4,1,0,54,0,0,0,0,0,0,6,12,0,1,0,2,0
Ornithocercus thumii,eSNCM,125,0,0,0,2,24,0,25,6,0,0,0,1,13,2,0,227,0,0,0,0,0,0,3,0,2,0,0,2,0,0,0,0,0,0,0,0,0,4,0,0,22,0,0,0,0,0,0,1,7,2,1,9,1,0
Ostreopsis heptagona,CM,60,0,0,0,0,0,0,0,0,0,0,0,0,0,0,0,0,0,0,0,0,0,0,0,0,0,0,0,0,0,0,0,0,0,0,0,0,0,0,0,0,0,0,0,0,0,0,0,0,0,0,0,0,0,0
Ostreopsis labens,CM,70,0,0,0,0,0,0,0,0,0,0,0,0,0,0,0,0,0,0,0,0,0,0,0,0,0,0,0,0,0,0,0,0,0,0,0,0,0,0,0,0,0,0,0,0,0,0,0,0,0,0,0,0,0,0
Ostreopsis lenticularis,CM,NA,0,0,0,0,0,0,0,0,0,0,0,0,0,8,0,0,0,0,0,0,0,0,0,0,0,0,0,0,0,0,0,0,0,0,0,0,0,0,0,0,1,0,0,0,0,0,0,0,0,0,0,1,0,0
Ostreopsis mascarenensis,CM,30,0,0,0,0,0,0,0,0,0,0,0,0,0,0,0,0,0,0,0,0,0,0,0,0,0,0,2,0,0,0,0,0,0,0,0,0,0,0,0,0,0,0,0,0,0,0,0,0,0,0,0,0,0,0
Ostreopsis ovata,CM,60,0,0,0,0,0,0,0,0,0,0,0,6,0,6,0,1,0,2,0,0,0,0,2,0,0,0,0,0,14,0,0,0,0,0,0,0,0,0,0,0,1,0,0,0,0,0,0,2,0,0,0,1,0,1
Ostreopsis siamensis,CM,30,0,0,0,0,0,0,2,1,0,0,0,0,1,0,0,0,0,0,0,0,0,0,0,0,0,0,0,0,3,0,0,0,0,0,0,0,0,0,0,0,0,1,0,0,0,0,0,2,2,0,0,1,0,0
Otosphaera aff. lagotis,eSNCM,100,0,0,0,0,0,0,0,0,0,0,0,0,0,0,0,0,0,0,0,0,0,0,0,0,0,0,0,0,0,0,0,0,0,0,0,0,0,0,0,0,0,0,0,0,0,0,0,0,0,0,0,0,0,0
Otosphaera polymorpha,eSNCM,100,0,0,0,0,0,0,0,0,0,0,0,0,0,0,0,0,0,0,0,0,0,0,0,0,0,0,0,0,0,0,0,0,0,0,0,0,0,0,0,0,0,0,0,0,0,0,0,0,0,0,0,0,0,0
Paragymnodinium shiwhaense,CM,15,0,0,0,0,0,0,0,0,0,0,0,0,0,0,55,0,0,0,0,0,0,0,0,0,0,0,0,0,0,0,0,0,0,0,0,0,0,0,0,0,0,0,0,0,0,0,0,0,0,0,0,0,0,0
Paragymnodinium stigmaticum,CM,12,0,0,0,0,0,0,0,0,0,0,0,0,0,0,0,0,0,0,0,0,0,0,0,0,0,0,0,0,0,0,0,0,0,0,0,0,0,0,0,0,0,0,0,0,0,0,0,0,0,0,0,0,0,0
Parahistioneis reticulata,eSNCM,55,0,0,0,0,0,0,1,0,0,0,0,0,0,0,0,0,0,0,0,0,0,0,0,0,0,0,0,0,0,0,0,0,0,0,0,0,0,0,0,0,0,0,0,0,0,0,0,0,0,0,0,0,0,0
Paratontonia gracillima,GNCM,35,0,0,0,0,0,31,0,0,0,0,13,0,0,0,0,0,0,0,0,0,0,0,0,0,0,0,0,0,2,0,0,0,0,0,0,0,0,0,0,161,0,0,0,0,0,0,1,0,0,0,0,0,0,0
Paratontonia poopsia,GNCM,42,0,0,0,0,0,0,0,0,0,0,0,0,0,0,0,0,0,0,0,0,0,0,0,0,0,0,0,0,0,0,0,0,0,0,1,0,0,0,0,1,0,0,0,0,0,0,0,0,0,0,0,0,0,0
Pentapharsodinium tyrrhenicum,CM,28,0,0,0,0,0,0,1,0,0,0,0,0,0,0,24,0,0,0,0,0,0,0,0,0,0,0,0,0,3,0,0,0,0,0,0,0,0,0,0,0,0,0,0,0,0,0,0,0,0,0,0,0,0,0
Pelagodinium sp.,CM,4,0,0,0,0,0,0,0,0,0,0,0,0,0,0,0,0,0,0,0,0,0,0,0,0,0,0,0,0,0,0,0,0,0,0,0,0,0,0,0,0,0,0,0,0,0,0,0,0,0,0,0,0,0,0
Perispira ovatum,pSNCM,85,0,0,0,0,0,0,0,0,0,0,0,0,0,0,0,0,0,0,0,0,0,0,0,0,0,0,0,0,0,0,0,0,0,0,0,0,0,0,0,0,0,0,0,0,0,0,0,0,0,0,0,0,0,0
Pfiesteria piscicida,pSNCM,15,0,0,0,0,0,0,0,0,0,0,0,1,0,0,0,0,0,0,0,0,0,0,0,0,0,0,0,0,0,0,0,0,0,0,0,1,0,0,0,6,0,0,0,0,0,0,0,0,0,1,0,0,0,0
Phalacroma cuneus,pSNCM,95,0,0,0,0,4,0,8,1,0,0,0,0,0,7,0,444,0,0,0,0,0,0,1,0,1,0,0,0,28,2,0,0,0,0,0,0,0,0,0,0,19,0,0,0,0,0,0,0,6,0,2,1,0,0
Phalacroma favus,pSNCM,77,0,0,0,0,12,0,12,0,0,0,0,1,0,10,0,21,0,0,0,0,0,0,2,0,1,0,0,0,3,1,0,0,0,1,0,0,0,0,0,0,1,0,0,0,0,0,0,0,2,0,0,7,0,0
Phalacroma mitra,pSNCM,50,0,0,0,1,16,0,16,10,0,0,0,1,1,0,0,112,0,2,0,0,0,0,0,0,1,0,1,28,31,1,0,0,0,0,0,0,0,1,0,0,4,0,0,0,0,1,0,0,0,0,0,1,1,0
Phalacroma rapa,pSNCM,75,0,0,0,0,14,0,12,6,0,0,0,0,7,0,0,526,0,22,0,0,0,0,0,0,1,2,1,0,38,0,0,3,0,0,10,0,0,0,0,0,19,0,0,0,0,0,0,0,27,0,1,0,0,0
Phorticium clevei,eSNCM,100,0,6,2,0,0,0,0,0,0,0,0,0,0,0,0,0,0,0,0,0,0,0,0,0,0,0,0,0,24,0,0,0,0,2,0,2,0,0,0,0,1,0,0,0,0,10,0,7,8,0,0,0,12,0
Phorticium multispinum,eSNCM,NA,0,0,0,0,0,0,0,0,0,0,0,0,0,0,0,0,0,0,0,0,0,0,0,0,0,0,0,0,0,0,0,0,0,0,0,0,0,0,0,0,0,0,0,0,0,0,0,0,0,0,0,0,0,0
Phorticium polycladum,eSNCM,150,0,0,0,0,0,0,0,0,0,0,0,0,0,0,0,0,0,0,0,0,0,0,0,0,0,0,0,0,0,0,0,0,0,0,0,0,0,0,0,0,0,0,0,0,0,0,0,0,0,0,0,0,0,0
Phorticium pylonium,eSNCM,55,0,0,0,0,0,0,0,0,0,0,0,0,0,0,0,0,0,0,0,0,0,0,0,0,0,0,0,0,25,0,0,0,0,0,9,0,0,0,0,0,0,0,0,0,0,0,11,0,0,0,0,0,0,0
Phorticium strobilinum,eSNCM,NA,0,0,0,0,0,0,0,0,0,0,0,0,0,0,0,0,0,0,0,0,0,0,0,0,0,0,0,0,0,0,0,0,0,0,0,0,0,0,0,0,0,0,0,0,0,0,0,0,0,0,0,0,0,0
Phractopelta dorataspis,eSNCM,100,0,0,0,0,0,0,0,0,0,0,0,0,0,0,0,0,0,0,0,0,0,0,0,0,0,0,0,0,28,0,0,0,0,0,0,0,0,0,0,0,0,0,0,0,0,0,0,0,0,0,0,0,0,0
Phractopelta sarmentosa,eSNCM,100,0,0,0,0,0,0,0,0,0,0,0,0,0,0,0,0,0,0,0,0,0,0,0,0,0,0,0,0,0,0,0,0,0,0,0,0,0,0,0,0,0,0,0,0,0,0,0,0,0,0,0,0,0,0
Phyllostaurus cuspidatus,eSNCM,250,0,0,0,0,0,0,0,0,0,0,0,0,0,0,0,0,0,0,0,0,0,0,0,0,0,0,0,0,0,0,0,0,0,0,0,0,0,0,0,0,0,0,0,0,0,0,0,0,0,0,0,0,0,0
Phyllostaurus quadrangulus,eSNCM,250,0,0,0,0,0,0,0,0,0,0,0,0,0,0,0,0,0,0,0,0,0,0,0,0,0,0,0,0,0,0,0,0,0,0,0,0,0,0,0,0,0,0,0,0,0,0,0,0,0,0,0,0,0,0
Phyllostaurus siculus,eSNCM,250,0,0,0,0,0,0,0,0,0,0,0,0,0,0,0,0,0,0,0,0,0,0,0,0,0,0,0,0,0,0,0,0,0,0,0,0,0,0,0,0,0,0,0,0,0,0,0,0,0,0,0,0,0,0
Physematium muelleri,eSNCM,1100,0,0,0,0,0,0,0,0,0,0,0,0,0,0,0,0,0,0,0,0,0,0,0,0,0,0,0,0,0,0,0,0,0,0,0,0,0,0,0,0,0,0,0,0,0,0,0,0,0,0,0,0,0,0
Plegmosphaera sp,eSNCM,200,0,0,0,0,0,0,0,0,0,0,0,0,0,0,0,0,0,0,0,0,0,0,0,0,0,0,0,0,0,0,0,0,0,0,0,0,0,0,0,0,0,0,0,0,0,0,0,0,0,0,0,0,0,0
Podolampas bipes,eSNCM,120,0,0,0,4,25,0,50,0,0,0,0,0,12,25,1,1056,2,4,0,0,0,0,14,0,2,3,1,6,35,0,2,1,0,0,0,0,0,0,0,0,51,0,0,0,0,0,0,2,55,2,5,3,5,1
Podolampas reticulata,eSNCM,85,0,0,0,0,0,0,0,0,0,0,0,0,0,0,0,0,0,0,0,0,0,0,0,0,0,0,0,0,0,0,0,0,0,0,0,0,0,0,0,0,0,0,0,0,0,0,0,0,0,0,0,0,0,0
Polykrikos hartmannii,CM,110,0,0,0,0,0,0,0,0,0,0,0,0,0,0,1,226,2,0,0,0,0,0,0,0,0,0,0,0,25,0,0,0,0,0,0,0,0,0,0,1,0,0,0,0,0,0,0,0,0,0,0,0,0,0
Polykrikos lebourae,CM,160,0,0,0,0,0,0,0,0,0,0,0,0,0,0,0,0,0,0,0,0,0,0,0,0,0,0,0,0,1,0,0,0,0,0,1,0,0,0,0,0,0,0,0,0,0,0,0,0,0,0,0,0,0,0
Polykrikos tanit,CM,60,0,0,0,0,0,0,0,0,0,0,0,0,0,0,0,0,0,0,0,0,0,0,0,0,0,0,0,0,0,0,0,0,0,0,0,0,0,0,0,0,0,0,0,0,0,0,0,0,0,0,0,0,0,0
Polysolenia setosa,eSNCM,80,0,0,0,0,0,0,0,0,0,0,0,0,0,0,0,0,0,0,0,0,0,0,0,0,0,0,0,0,0,0,0,0,0,0,0,0,0,0,0,0,0,0,0,0,0,0,0,0,0,0,0,0,0,0
Polysolenia spinosa,eSNCM,120,0,0,0,0,0,0,0,0,0,0,0,0,0,0,0,0,0,0,0,0,0,0,0,0,0,0,0,0,0,0,0,0,0,0,0,0,0,0,0,0,0,0,0,0,0,0,0,0,0,0,0,0,0,0
Polysolenia transformata,eSNCM,80,0,0,0,0,0,0,0,0,0,0,0,0,0,0,0,0,0,0,0,0,0,0,0,0,0,0,0,0,0,0,0,0,0,0,0,0,0,0,0,0,0,0,0,0,0,0,0,0,0,0,0,0,0,0
Procyttarium primordialis,eSNCM,450,0,0,0,0,0,0,0,0,0,0,0,0,0,0,0,0,0,0,0,0,0,0,0,0,0,0,0,0,0,0,0,0,0,0,0,0,0,0,0,0,0,0,0,0,0,0,0,0,0,0,0,0,0,0
Procyttarium prototypus,eSNCM,NA,0,0,0,0,0,0,0,0,0,0,0,0,0,0,0,0,0,0,0,0,0,0,0,0,0,0,0,0,0,0,0,0,0,0,0,0,0,0,0,0,0,0,0,0,0,0,0,0,0,0,0,0,0,0
Prorocentrum belizeanum,CM,58,0,0,0,0,0,0,0,0,0,0,0,0,0,0,0,0,0,0,0,0,0,0,0,0,0,0,0,0,0,0,0,0,0,0,0,0,0,0,0,0,0,0,0,0,0,0,0,0,0,0,0,0,0,0
Prorocentrum cordatum,CM,15,0,24,16,15,0,26,688,88,0,9,33,37,4,101,191,61,32,96,0,0,0,0,60,0,0,3,0,1932,8664,6,217,18,0,2,6784,0,0,12,3,2930,4,1,0,0,0,13,321,3,0,6,1,4,0,3
Prorocentrum hoffmannianum,CM,50,0,0,0,0,0,0,1,0,0,0,0,3,0,4,0,0,0,0,0,0,0,0,2,0,0,0,0,0,0,0,0,0,0,0,0,0,0,0,0,0,0,0,0,0,0,0,0,4,1,0,2,0,0,0
Prorocentrum lima,CM,50,0,5,0,6,38,0,156,53,0,1,1,5,13,18,2,130,3,5,0,0,0,0,26,0,0,11,0,134,1017,1,2,0,0,0,817,0,0,0,1,139,8,0,0,0,0,4,9,2,1,8,3,12,0,0
Prorocentrum micans,CM,50,14,11,5,6,16,6,182,129,2,12,1,2,28,51,111,3432,27,412,1,0,0,37,168,3,2,25,0,1940,5673,1,60,39,3,0,22837,10,0,20,0,190,39,0,0,0,0,15,74,1,68,18,9,31,0,2
Prorocentrum obtusidens,CM,18,0,0,0,0,0,0,0,0,0,0,0,0,0,0,0,0,0,0,0,0,0,0,0,0,0,0,0,0,0,0,0,0,0,0,0,0,0,0,0,0,0,0,0,0,0,0,0,0,0,0,0,0,0,0
Prorocentrum redfieldii,CM,20,0,0,0,0,0,0,0,0,0,0,0,0,0,0,0,0,0,0,0,0,0,0,0,0,0,0,0,0,0,0,0,0,0,0,0,0,0,0,0,0,0,0,0,0,0,0,0,0,0,0,0,0,0,0
Protoceratium reticulatum,CM,30,0,15,0,25,5,5,0,125,96,7,10,2,0,2,18,43,8,4,189,48,10,0,39,0,1,1,0,29,1081,116,114,0,0,7,2697,3,0,0,0,56,0,0,0,0,0,31,191,38,0,101,0,0,0,10
Protoodinium chattoni,CM,25,0,0,0,0,0,0,0,0,0,0,0,0,0,0,0,0,0,0,0,0,0,0,0,0,0,0,0,0,0,0,0,0,0,0,0,0,0,0,0,0,0,0,0,0,0,0,0,0,0,0,0,0,0,0
Protoodinium hovassei,CM,NA,0,0,0,0,0,0,0,0,0,0,0,0,0,0,0,0,0,0,0,0,0,0,0,0,0,0,0,0,0,0,0,0,0,0,0,0,0,0,0,0,0,0,0,0,0,0,0,0,0,0,0,0,0,0
Prymnesium parvum,CM,10.5,0,1,0,0,0,0,0,1,0,0,0,2,0,3,0,0,0,1,0,0,0,0,0,0,0,1,0,0,66,0,0,0,0,0,15,0,0,0,0,2,0,0,0,0,0,0,4,0,0,0,2,0,0,0
Prymnesium polylepis,CM,11.5,0,0,0,0,0,0,0,0,0,0,0,0,0,0,0,0,0,0,0,0,0,0,0,0,0,0,0,0,1,0,0,0,0,0,271,0,0,0,0,24,0,0,0,0,0,0,1,0,0,0,0,1,0,0
Pseudotontonia cornuta,GNCM,80,0,0,0,0,0,0,0,0,0,0,0,0,0,0,0,2,0,11,0,0,0,0,0,0,0,0,0,0,0,0,0,4,0,0,2,0,0,0,0,5,0,0,0,0,0,0,0,0,0,0,0,0,0,0
Pseudotontonia simplicidens,GNCM,40,0,0,0,0,0,39,0,0,0,0,11,0,0,0,34,0,0,0,0,0,0,0,0,0,0,0,0,0,0,0,3,0,0,0,0,0,0,0,0,0,0,0,0,0,0,0,2,0,0,0,0,0,0,0
Pterocanium campanella,eSNCM,150,0,0,0,0,0,0,0,0,0,0,0,0,0,0,0,0,0,0,0,0,0,0,0,0,0,0,0,0,0,0,0,0,0,0,0,0,0,0,0,0,0,0,0,0,0,0,0,0,0,0,0,0,0,0
Pterocanium aff. challengeri,eSNCM,100,0,0,0,0,0,0,0,0,0,0,0,0,0,0,0,0,0,0,0,0,0,0,0,0,0,0,0,0,0,0,0,0,0,0,0,0,0,0,0,0,0,0,0,0,0,0,0,0,0,0,0,0,0,0
Pterocanium charybdeum,eSNCM,NA,0,0,0,0,2,0,0,0,1,0,0,0,0,0,47,0,0,0,0,10,0,0,0,1,0,0,0,0,22,0,0,0,0,5,0,0,0,0,0,0,1,2,0,0,0,2,0,4,10,0,0,0,15,2
Pterocanium cf. depressum,eSNCM,110,0,0,0,0,0,0,0,0,0,0,0,0,0,0,0,0,0,0,0,0,0,0,0,0,0,0,0,0,0,0,0,0,0,0,0,0,0,0,0,0,0,0,0,0,0,0,0,0,0,0,0,0,0,0
Pterocanium eucolpum,eSNCM,150,0,0,0,0,0,0,0,0,0,0,0,0,0,0,0,0,0,0,0,0,0,0,0,0,0,0,0,0,0,0,0,0,0,0,0,0,0,0,0,0,0,0,0,0,0,0,0,0,0,0,0,0,0,0
Pterocanium korotnevi,eSNCM,100,0,0,0,0,0,0,0,0,0,0,0,0,0,0,19,0,0,0,0,0,0,0,0,0,0,0,0,0,0,0,0,0,0,0,0,0,0,0,0,0,0,0,0,0,0,0,0,0,0,0,0,0,0,0
Pterocanium cf. orcinum,eSNCM,100,0,0,0,0,0,0,0,0,0,0,0,0,0,0,0,0,0,0,0,0,0,0,0,0,0,0,0,0,0,0,0,0,0,0,0,0,0,0,0,0,0,0,0,0,0,0,0,0,0,0,0,0,0,0
Pterocanium praetextum,eSNCM,350,0,0,0,0,2,0,0,0,0,0,0,0,0,0,28,0,0,0,0,2,0,0,0,0,0,0,0,0,0,0,0,0,0,0,0,0,0,2,0,0,12,2,0,0,0,0,0,1,10,0,0,0,15,0
Pterocanium trilobum,eSNCM,120,0,0,0,0,0,0,0,0,0,0,0,0,0,0,0,0,0,0,0,0,0,0,0,0,0,0,0,0,0,0,0,0,0,0,0,0,0,0,0,0,0,0,0,0,0,0,0,0,0,0,0,0,0,0
Pterocanium virgineum,eSNCM,880,0,0,0,0,0,0,0,0,0,0,0,0,0,0,0,0,0,0,0,0,0,0,0,0,0,0,0,0,0,0,0,0,0,0,0,0,0,0,0,0,0,0,0,0,0,0,0,0,0,0,0,0,0,0
Pterocorys campanulata,eSNCM,100,0,0,0,0,0,0,0,0,0,0,0,0,0,0,0,0,0,0,0,0,0,0,0,0,0,0,0,0,0,0,0,0,0,0,0,0,0,0,0,0,0,0,0,0,0,0,0,0,0,0,0,0,0,0
Pterocorys carinatus,eSNCM,NA,0,0,0,0,0,0,0,0,0,0,0,0,0,0,0,0,0,0,0,0,0,0,0,0,0,0,0,0,0,0,0,0,0,0,0,0,0,0,0,0,0,0,0,0,0,0,0,0,0,0,0,0,0,0
Pterocorys clausus,eSNCM,150,0,0,0,0,0,0,0,0,0,0,0,0,0,0,22,0,0,0,0,0,0,0,0,0,0,0,0,0,0,0,0,0,0,0,0,2,0,0,0,0,0,0,0,0,0,4,0,2,6,0,0,0,6,0
Pterocorys fastuosa,eSNCM,100,0,0,0,0,0,0,0,0,0,0,0,0,0,0,0,0,0,0,0,0,0,0,0,0,0,0,0,0,0,0,0,0,0,0,0,0,0,0,0,0,0,0,0,0,0,0,0,0,0,0,0,0,0,0
Pterocorys trochus,eSNCM,100,0,0,0,0,0,0,0,0,0,0,0,0,0,0,0,0,0,0,0,0,0,0,0,0,0,0,0,0,0,0,0,0,0,0,0,0,0,0,0,0,0,0,0,0,0,0,0,0,0,0,0,0,0,0
Pterocorys zancleus,eSNCM,100,0,0,0,0,0,0,0,0,0,0,0,0,0,0,12,0,0,0,0,0,0,0,0,0,0,0,0,0,61,0,0,0,0,3,0,0,0,0,0,0,11,2,0,0,0,2,0,0,0,0,0,0,3,0
Pulleniatina obliquiloculata,eSNCM,NA,0,1,1,812,2207,10,0,186,45,0,0,1,291,909,10,175,8,115,90,1196,5,15,299,54,6,9,226,148,30,618,30,470,438,318,0,84,12,283,5,30,577,90,0,0,17,45,3,279,78,44,22,0,674,1275
Pyramimonas gelidicola,CM,13,0,0,14,0,0,0,0,2,0,0,0,0,0,0,37,0,0,0,0,0,0,0,0,0,0,0,0,0,0,0,0,0,0,0,0,0,0,0,0,0,0,0,0,0,0,0,0,0,0,1,0,0,0,0
Pyramimonas tychotreta,CM,10,0,0,0,0,0,0,0,0,0,0,0,0,0,0,0,0,0,0,0,0,0,0,0,0,0,0,0,0,0,0,0,0,0,0,0,0,0,0,0,0,0,0,0,0,0,0,0,0,0,0,0,0,0,0
Rhaphidozoum acuferum,eSNCM,15000,0,0,0,0,0,0,0,0,0,0,0,0,0,0,0,0,0,0,0,0,0,0,0,0,0,0,0,0,0,0,0,0,0,0,0,0,0,0,0,0,0,0,0,0,0,0,0,0,0,0,0,0,0,0
Rhizochromulina sp.,CM,3,0,0,0,0,0,0,0,0,0,0,0,0,0,0,0,0,0,0,0,0,0,0,0,0,0,0,0,0,0,0,0,0,0,0,0,0,0,0,0,0,0,0,0,0,0,0,0,0,0,0,0,0,0,0
Scrippsiella acuminata,CM,22.5,13,8,1,2,1,55,0,0,1,16,338,26,1,20,111,1653,51,272,0,0,0,0,197,83,3,3,0,272,4327,0,5,26,0,0,3123,0,0,4,0,1318,20,0,0,0,0,0,381,0,73,0,0,0,0,12
Shimiella gracilenta,pSNCM,12,0,0,0,0,0,0,0,0,0,0,0,0,0,0,0,0,0,0,0,0,0,0,0,0,0,0,0,0,0,0,0,0,0,0,0,0,0,0,0,0,0,0,0,0,0,0,0,0,0,0,0,0,0,0
Sinophysis canaliculata,eSNCM,50,0,0,0,0,0,0,0,0,0,0,0,0,0,0,0,0,0,0,0,0,0,0,0,0,0,0,0,0,0,0,0,0,0,0,0,0,0,0,0,0,0,0,0,0,0,0,0,0,0,0,0,0,0,0
Siphonosphaera abyssi,eSNCM,80,0,0,0,0,0,0,0,0,0,0,0,0,0,0,0,0,0,0,0,0,0,0,0,0,0,0,0,0,0,0,0,0,0,0,0,0,0,0,0,0,0,0,0,0,0,0,0,0,0,0,0,0,0,0
Siphonosphaera socialis,eSNCM,80,0,0,0,0,0,0,0,0,0,0,0,0,0,0,0,0,0,0,0,0,0,0,0,0,0,0,0,0,0,0,0,0,0,0,0,0,0,0,0,0,0,0,0,0,0,0,0,0,0,0,0,0,0,0
Siphonosphaera tubulosa,eSNCM,100,0,0,0,0,0,0,0,0,0,0,0,0,0,0,0,0,0,0,0,0,0,0,0,0,0,0,0,0,0,0,0,0,0,0,0,0,0,0,0,0,0,0,0,0,0,0,0,0,0,0,0,0,0,0
Sorites marginalis,eSNCM,NA,0,0,0,0,0,0,0,0,0,0,0,0,0,16,0,0,0,0,0,0,0,0,1,0,0,5,0,0,0,9,0,0,0,0,0,0,0,0,0,0,0,0,0,0,0,0,0,0,0,0,0,0,0,0
Sorites orbiculus,eSNCM,NA,0,0,0,0,0,0,0,0,0,0,0,0,0,40,0,0,0,0,0,0,0,0,0,0,0,2,0,0,0,0,0,0,0,0,0,0,0,0,0,0,0,0,0,0,0,0,0,0,0,0,0,0,0,0
Spatulodinium pseudonoctiluca,CM,130,0,0,0,0,0,0,2,0,0,5,18,0,0,0,0,0,0,1,0,0,0,0,2,0,0,0,0,0,19,0,1,0,0,0,159,0,0,0,0,0,0,0,0,0,0,0,61,0,0,7,1,0,0,0
Sphaerozoum armatum,eSNCM,NA,0,0,0,0,0,0,0,0,0,0,0,0,0,0,0,0,0,0,0,0,0,0,0,0,0,0,0,0,0,0,0,0,0,0,0,0,0,0,0,0,0,0,0,0,0,0,0,0,0,0,0,0,0,0
Sphaerozoum brandtii,eSNCM,150,0,0,0,0,0,0,0,0,0,0,0,0,0,0,0,0,0,0,0,0,0,0,0,0,0,0,0,0,0,0,0,0,0,0,0,0,0,0,0,0,0,0,0,0,0,0,0,0,0,0,0,0,0,0
Sphaerozoum fuscum,eSNCM,70,0,0,0,0,0,0,0,0,0,0,0,0,0,0,0,0,0,0,0,0,0,0,0,0,0,0,0,0,0,0,0,0,0,0,0,0,0,0,0,0,0,0,0,0,0,0,0,0,0,0,0,0,0,0
Sphaerozoum ovodimare,eSNCM,216,0,0,0,0,0,0,0,0,0,0,0,0,0,0,0,0,0,0,0,0,0,0,0,0,0,0,0,0,0,0,0,0,0,0,0,0,0,0,0,0,0,0,0,0,0,0,0,0,0,0,0,0,0,0
Sphaerozoum punctatum,eSNCM,100,0,0,0,0,0,0,2,2,0,0,0,0,0,0,0,0,0,0,0,0,0,0,0,0,0,0,0,0,33,1,0,0,0,0,0,0,0,6,0,0,0,0,0,0,0,0,0,0,0,0,0,0,0,0
Sphaerozoum strigulosum,eSNCM,50,0,0,0,0,0,0,0,0,0,0,0,0,0,0,0,0,0,0,0,0,0,0,0,0,0,0,0,0,0,0,0,0,0,0,0,0,0,0,0,0,0,0,0,0,0,0,0,0,0,0,0,0,0,0
Sphaerozoum trigenimum,eSNCM,100,0,0,0,0,0,0,0,0,0,0,0,0,0,0,0,0,0,0,0,0,0,0,0,0,0,0,0,0,0,0,0,0,0,0,0,0,0,0,0,0,0,0,0,0,0,0,0,0,0,0,0,0,0,0
Spiniferodinium galeiforme,CM,30,0,0,0,0,0,0,0,0,0,0,0,0,0,0,0,0,0,0,0,0,0,0,0,0,0,0,0,0,0,0,0,0,0,0,0,0,0,0,0,0,0,0,0,0,0,0,0,0,0,0,0,0,0,0
Spirostrombidium pulchrum,GNCM,NA,0,0,0,0,0,0,0,0,0,0,0,0,0,0,0,0,0,0,0,0,0,0,0,0,0,0,0,0,0,0,0,0,0,0,0,0,0,0,0,0,0,0,0,0,0,0,0,0,0,0,0,0,0,0
Spirotontonia sp,GNCM,100,0,0,0,0,0,0,0,0,0,0,0,0,0,0,0,0,0,0,0,0,0,0,0,0,0,0,0,0,0,0,0,0,0,0,0,0,0,0,0,0,0,0,0,0,0,0,0,0,0,0,0,0,0,0
Spongaster tetras tetras,eSNCM,250,0,0,0,0,0,0,0,0,0,0,0,0,0,0,0,0,0,0,0,0,0,0,0,0,0,0,0,0,0,0,0,0,0,0,0,0,0,0,0,0,0,0,0,0,0,0,0,0,0,0,0,0,0,0
Spongodiscus biconcavus,eSNCM,200,0,0,0,0,0,0,0,0,0,0,0,0,0,0,0,0,0,0,0,0,0,0,0,0,0,0,0,0,0,0,0,0,0,0,0,0,0,0,0,0,0,0,0,0,0,0,0,0,0,0,0,0,0,0
Spongodiscus resurgens,eSNCM,100,0,4,0,0,2,0,0,0,1,0,0,3,0,0,42,0,0,0,0,30,0,0,0,2,0,0,0,0,33,0,0,0,0,9,0,2,0,0,1,0,17,8,0,0,0,4,0,30,8,0,0,0,15,5
Spongodrymus sp.,eSNCM,220,0,0,0,0,0,0,0,0,0,0,0,0,0,0,0,0,0,0,0,0,0,0,0,0,0,0,0,0,0,0,0,0,0,0,0,0,0,0,0,0,0,0,0,0,0,0,0,0,0,0,0,0,0,0
Spongostaurina lobus,eSNCM,1500,0,0,0,0,0,0,0,0,0,0,0,0,0,0,0,0,0,0,0,0,0,0,0,0,0,0,0,0,0,0,0,0,0,0,0,0,0,0,0,0,0,0,0,0,0,0,0,0,0,0,0,0,0,0
Spongotrochus glacialis,eSNCM,300,0,9,2,0,2,0,0,0,1,0,1,3,0,0,29,0,0,0,0,24,0,0,0,1,0,0,0,0,0,0,0,0,0,6,0,2,0,0,0,0,0,0,0,0,0,7,0,18,10,0,0,0,12,5
Strombidium acutum,GNCM,45,0,0,0,0,0,0,0,0,0,0,0,0,0,0,0,71,0,0,0,0,0,0,0,0,0,0,0,0,32,0,0,0,0,0,1,0,0,0,0,243,8,0,0,0,0,0,0,0,0,0,0,0,0,0
Strombidium antarcticum,GNCM,45,0,0,1,0,0,0,0,0,0,0,0,0,0,0,0,0,0,0,0,0,0,0,0,0,0,0,0,0,0,0,0,0,0,0,0,0,0,0,0,0,0,0,0,0,0,0,0,0,0,0,0,0,0,0
Strombidium apolatum,GNCM,42.1,0,0,0,0,0,0,0,0,0,0,0,0,0,0,0,0,0,0,0,0,0,0,0,0,0,0,0,0,0,0,0,0,0,0,0,0,0,0,0,0,0,0,0,0,0,0,0,0,0,0,0,0,0,0
Strombidium basimorphum,GNCM,NA,0,0,0,0,0,0,0,0,0,0,0,0,0,0,0,0,0,0,0,0,0,0,0,0,0,0,0,0,0,0,0,0,0,0,0,0,0,0,0,0,0,0,0,0,0,0,0,0,0,0,0,0,0,0
Strombidium biarmatum,GNCM,26,0,0,0,0,0,0,0,0,0,0,0,0,0,0,0,0,0,0,0,0,0,0,0,0,0,0,0,0,0,0,0,0,0,0,0,0,0,0,0,0,0,0,0,0,0,0,0,0,0,0,0,0,0,0
Strombidium capitatum,GNCM,52,0,0,0,0,0,35,0,0,0,0,7,0,0,2,0,0,0,0,0,0,0,0,0,0,0,0,0,0,36,0,0,0,0,0,1,0,0,0,0,0,0,0,0,0,0,0,2,0,0,0,0,0,0,0
Strombidium chlorophilum,GNCM,50,0,0,0,0,0,0,0,0,0,0,0,0,0,0,10,0,0,0,0,0,0,0,0,0,0,0,0,0,0,0,0,0,0,0,1,0,0,0,0,0,0,0,0,0,0,0,0,0,0,0,0,0,0,0
Strombidium conicum,GNCM,70,0,0,0,0,0,34,0,0,0,0,17,0,0,0,0,909,0,0,0,0,0,0,0,0,1,0,0,0,34,0,0,0,0,0,442,0,0,0,0,544,35,0,0,0,0,0,140,0,20,0,0,0,0,0
Strombidium dalum,GNCM,NA,0,0,0,0,0,26,0,0,0,0,10,0,0,0,0,0,0,0,0,0,0,0,0,0,0,0,0,0,0,0,1,0,0,0,0,0,0,0,0,0,0,0,0,0,0,0,2,0,0,0,0,0,0,0
Strombidium delicatissimum,GNCM,NA,0,0,0,0,0,0,0,0,0,0,0,0,0,0,0,0,0,0,0,0,0,0,0,0,0,0,0,0,0,0,0,0,0,0,0,0,0,0,0,0,0,0,0,0,0,0,0,0,0,0,0,0,0,0
Strombidium lingulum,GNCM,70,0,0,0,0,0,0,0,0,0,0,0,0,0,0,0,0,0,0,0,0,0,0,0,0,0,0,0,0,0,0,0,0,0,0,0,0,0,0,0,0,0,0,0,0,0,0,0,0,0,0,0,0,0,0
Strombidium lynni,GNCM,22,0,0,0,0,0,0,0,0,0,0,0,0,0,0,0,0,0,0,0,0,0,0,0,0,0,0,0,0,0,0,0,0,0,0,0,0,0,0,0,0,0,0,0,0,0,0,0,0,0,0,0,0,0,0
Strombidium oculatum,GNCM,64,0,0,0,0,0,0,0,0,0,0,0,0,0,0,0,0,0,0,0,0,0,0,0,0,0,0,0,0,0,0,0,0,0,0,0,0,0,0,0,0,0,0,0,0,0,0,0,0,0,0,0,0,0,0
Strombidium purpureum,eSNCM,40,0,0,0,0,0,0,0,0,0,0,0,0,0,0,0,0,0,0,0,0,0,0,0,0,0,0,0,0,0,0,0,0,0,0,1,0,0,0,0,0,0,0,0,0,0,0,0,0,0,0,0,0,0,0
Strombidium rassoulzadegani,GNCM,60.5,0,0,0,0,0,0,0,0,0,0,0,0,0,0,0,0,0,0,0,0,0,0,0,0,0,0,0,0,0,0,0,0,0,0,0,0,0,0,0,0,0,0,0,0,0,0,0,0,0,0,0,0,0,0
Strombidium reticulatum,GNCM,46,0,0,0,0,0,17,0,0,0,0,7,0,0,0,0,0,0,1,0,0,0,0,0,0,0,0,0,0,0,0,1,1,0,0,8,0,0,0,0,0,0,0,0,0,0,0,9,0,0,0,0,0,0,0
Strombidium stylifer,GNCM,40,0,0,0,0,0,0,0,0,0,0,0,0,0,0,0,0,0,0,0,0,0,0,0,0,0,0,0,0,0,0,0,1,0,0,0,0,0,0,0,0,0,0,0,0,0,0,0,0,0,0,0,0,0,0
Strombidium vestitum,GNCM,28,0,0,0,0,0,0,0,0,0,0,0,0,0,0,0,144,0,4,0,0,0,0,0,0,0,0,0,0,30,0,0,3,0,0,55,0,0,0,0,350,10,0,0,0,0,0,0,0,3,0,0,0,0,0
Strombidium wulffi,GNCM,NA,0,0,0,0,0,0,0,0,0,0,0,0,0,0,0,0,0,0,0,0,0,0,0,0,0,0,0,0,0,0,0,0,0,0,0,0,0,0,0,0,0,0,0,0,0,0,0,0,0,0,0,0,0,0
Styptosphaera sp.,eSNCM,300,0,0,0,0,0,0,0,0,0,0,0,0,0,0,0,0,0,0,0,0,0,0,0,0,0,0,0,0,0,0,0,0,0,0,0,0,0,0,0,0,0,0,0,0,0,0,0,0,0,0,0,0,0,0
Styptosphaera spumacea,eSNCM,300,0,0,0,0,0,0,0,0,0,0,0,0,0,0,15,0,0,0,0,0,0,0,0,0,0,0,0,0,0,0,0,0,0,0,0,0,0,0,0,0,2,1,0,0,0,0,0,0,0,0,0,0,2,0
Sulcochrysis biplastida,CM,5,0,0,0,0,0,0,0,0,0,0,0,0,0,0,0,0,0,0,0,0,0,0,0,0,0,0,0,0,0,0,0,0,0,0,0,0,0,0,0,0,0,0,0,0,0,0,0,0,0,0,0,0,0,0
Symbiodinium sp,CM,8,0,0,0,0,0,0,0,0,0,0,0,0,0,0,0,0,0,0,0,0,0,0,0,0,0,0,0,0,0,0,0,0,0,0,0,0,0,0,0,0,0,0,0,0,0,0,0,0,0,0,0,0,0,0
Synchroma grande,CM,30,0,0,0,0,0,0,0,0,0,0,0,0,0,0,0,0,0,0,0,0,0,0,0,0,0,0,0,0,0,0,0,0,0,0,0,0,0,0,0,0,0,0,0,0,0,0,0,0,0,0,0,0,0,0
Takayama helix,CM,30,0,0,0,0,0,0,0,0,0,0,0,0,0,0,0,0,0,0,0,0,0,0,0,0,0,0,0,0,0,0,0,0,0,0,0,0,0,0,0,0,0,0,0,0,0,0,0,0,0,0,0,0,0,0
Takayama tasmanica,CM,20,0,0,0,0,0,0,0,0,0,0,0,0,0,0,0,0,0,0,0,0,0,0,0,0,0,0,0,0,0,0,0,0,0,0,0,0,0,0,0,0,0,0,0,0,0,0,0,0,0,0,0,0,0,0
Teleaulax amphioxeia,CM,11.5,0,0,0,0,0,0,0,0,0,0,0,0,0,0,0,0,0,0,0,0,0,0,0,0,0,0,0,0,0,0,0,0,0,0,0,0,0,0,0,0,0,0,0,0,0,0,0,0,0,0,0,0,0,0
Testudodinium magnum,CM,42,0,0,0,0,0,0,0,0,0,0,0,0,0,0,0,0,0,0,0,0,0,0,0,0,0,0,0,0,0,0,0,0,0,0,0,0,0,0,0,0,0,0,0,0,0,0,0,0,0,0,0,0,0,0
Tetrapyle octacantha,eSNCM,150,0,0,0,0,0,0,0,0,0,0,0,0,0,0,36,0,0,0,0,0,0,0,0,0,0,0,0,0,33,0,0,0,0,0,0,0,0,0,0,0,27,9,0,0,0,0,0,1,0,0,0,0,0,0
Thalassicolla caerulea,eSNCM,7000,0,0,0,0,0,0,0,0,0,0,0,0,0,0,0,0,0,0,0,0,0,0,0,0,0,0,0,0,0,0,0,0,0,0,0,0,0,0,0,0,0,0,0,0,0,0,0,0,0,0,0,0,0,0
Thalassicolla melacapsa,eSNCM,3000,0,0,0,0,0,0,0,0,0,0,0,0,0,0,0,0,0,0,0,0,0,0,0,0,0,0,0,0,0,0,0,0,0,0,0,0,0,0,0,0,0,0,0,0,0,0,0,0,0,0,0,0,0,0
Thalassicolla nucleata,eSNCM,3000,0,0,0,0,0,0,0,0,0,0,0,0,0,0,0,0,0,0,0,0,0,0,0,0,0,0,0,0,0,0,0,0,0,0,0,0,0,0,0,0,0,0,0,0,0,0,0,0,0,0,0,0,0,0
Thalassolampe margarodes,eSNCM,NA,0,0,0,0,0,0,0,0,0,0,0,0,0,0,0,0,0,0,0,0,0,0,0,0,0,0,0,0,0,0,0,0,0,0,0,0,0,0,0,0,0,0,0,0,0,0,0,0,0,0,0,0,0,0
Thalassophysa pelagica,eSNCM,NA,0,0,0,0,0,0,0,0,0,0,0,0,0,0,0,0,0,0,0,0,0,0,0,0,0,0,0,0,0,0,0,0,0,0,0,0,0,0,0,0,0,0,0,0,0,0,0,0,0,0,0,0,0,0
Thalassophysa sanguinolenta,eSNCM,NA,0,0,0,0,0,0,0,0,0,0,0,0,0,0,0,0,0,0,0,0,0,0,0,0,0,0,0,0,0,0,0,0,0,0,0,0,0,0,0,0,0,0,0,0,0,0,0,0,0,0,0,0,0,0
Thecadinium kofoidii,CM,25,0,0,0,0,0,0,0,0,0,0,0,0,0,0,0,0,0,0,0,0,0,0,0,0,0,0,0,0,0,0,0,0,0,0,44,0,0,0,1,0,0,0,0,0,0,0,0,0,0,0,0,0,0,0
Tiarina sp,eSNCM,140,0,0,0,0,0,0,0,0,0,0,0,0,0,0,0,0,0,0,0,0,0,0,0,0,0,0,0,0,0,0,0,0,0,0,0,0,0,0,0,0,0,0,0,0,0,0,0,0,0,0,0,0,0,0
Tontonia appendiculariformis,GNCM,92.5,0,0,0,0,0,0,0,0,0,0,0,0,0,2,0,0,0,0,0,0,0,0,0,0,0,0,0,0,6,0,0,0,0,0,0,0,0,0,0,0,0,0,0,0,0,0,0,0,0,0,0,0,0,0
Tontonia ovalis,GNCM,49,0,0,0,0,0,0,0,0,0,0,0,0,0,0,0,177,0,0,0,0,0,0,0,0,0,0,0,0,0,0,0,0,0,0,0,0,0,0,0,0,9,0,0,0,0,0,7,0,1,0,0,0,0,0
Torodinium teredo,CM,60,0,0,0,6,0,0,0,0,0,0,0,0,0,47,0,0,0,0,0,0,0,0,0,0,0,0,1,44,76,5,0,0,0,0,331,0,0,0,0,0,0,0,0,0,0,0,0,0,0,0,0,0,0,0
Trilobatus sacculifer,eSNCM,NA,0,1,0,1717,2733,12,0,183,598,0,0,6,228,2162,50,221,3,281,365,1927,0,33,486,287,3,28,434,136,654,1009,547,1172,1134,895,0,33,24,627,6,240,1014,131,0,0,425,146,9,1229,133,134,4,8,591,1967
Triparma sp.,CM,2.5,0,0,0,0,0,0,0,0,0,0,0,0,0,0,0,0,0,0,0,0,0,0,0,0,0,0,0,0,0,0,0,0,0,0,0,0,0,0,0,0,0,0,0,0,0,0,0,0,0,0,0,0,0,0
Tripos arcticus,CM,210,0,0,0,0,0,0,0,0,0,0,0,0,0,0,0,0,0,0,0,0,0,0,0,0,0,0,0,0,0,0,0,0,0,0,1,0,0,0,0,0,0,0,0,0,0,0,0,0,0,0,0,0,0,0
Tripos declinatus,CM,170,2,0,0,2,62,4,32,0,0,0,0,1,1,5,18,527,3,16,1,0,0,4,0,8,1,4,2,12,77,3,158,39,16,0,50,0,0,8,8,29,26,2,9,0,0,0,9,1,15,1,1,55,2,1
Tripos furca,CM,160,18,8,1,51,53,1537,370,285,5,29,54,8,32,81,157,12453,59,1645,7,0,7,92,92,19,7,87,2,4016,5367,2,11847,941,40,0,33089,11,0,50,4,1124,168,3,36,10,0,26,10441,2,171,642,13,91,1,1
Tripos fusus,CM,300,106,10,0,32,102,6671,558,273,0,131,376,12,24,78,186,4316,98,1683,1,0,38,950,104,18,3,41,3,5646,5290,3,16441,1334,425,1,47718,9,1,12,3,9583,73,0,201,116,0,39,15226,13,180,399,9,135,4,2
Tripos longipes,CM,250,86,5,0,0,0,1541,8,1,0,87,547,0,0,0,38,1030,0,48,0,0,0,243,5,0,3,3,0,3,19,0,753,57,29,0,14771,0,1,0,0,7233,21,0,225,49,0,0,4198,0,11,1,0,0,0,0
Tripos lunula,CM,125,0,0,0,1,4,0,254,61,0,0,0,0,0,9,0,2957,2,0,0,0,0,4,0,0,1,2,3,1,45,4,3,2,13,0,0,0,0,2,0,4,115,0,0,0,0,0,0,0,99,33,1,22,0,0
Tripos muelleri,CM,275,106,11,0,19,70,1768,385,227,0,30,87,2,25,193,131,8668,86,594,2,0,1,549,23,5,4,20,3,1030,1591,1,7202,354,99,2,37227,4,0,16,4,6739,169,0,351,16,0,13,8569,6,141,534,8,32,4,2
Tripos teres,CM,185,5,0,0,4,70,5,117,6,0,0,0,23,13,28,7,20,0,56,0,0,0,15,9,5,1,4,1,20,40,5,178,96,56,1,37,0,0,32,9,31,7,4,0,0,0,12,1,24,14,22,1,83,3,3
Triposolenia bicornis,eSNCM,140,0,0,0,0,1,0,0,0,0,0,0,0,0,0,0,0,0,0,0,0,0,0,0,0,0,0,0,0,0,0,0,0,0,0,0,0,0,0,0,0,0,1,0,0,0,0,0,0,0,0,2,0,0,0
Triposolenia truncata,eSNCM,130,0,0,0,0,0,0,0,0,0,0,0,0,0,0,0,0,0,0,0,0,0,0,0,0,0,0,0,0,19,0,0,1,0,0,0,0,0,0,0,0,0,0,0,0,0,0,0,0,0,0,0,0,0,0
Turborotalita humilis,eSNCM,NA,0,1,0,62,260,24,0,15,0,0,0,0,1,135,14,103,2,64,24,10,0,1,2,0,4,0,65,27,30,98,73,777,393,39,0,13,5,46,0,0,44,2,0,0,5,25,15,184,9,20,16,0,384,51
Unidentified antarctic dinoflagellate,pSNCM,20,0,0,0,0,0,0,0,0,0,0,0,0,0,0,0,0,0,0,0,0,0,0,0,0,0,0,0,0,0,0,0,0,0,0,0,0,0,0,0,0,0,0,0,0,0,0,0,0,0,0,0,0,0,0
Xiphacantha alata,eSNCM,250,0,0,0,0,0,0,0,0,0,0,0,0,0,0,0,0,0,0,0,0,0,0,0,0,0,0,0,0,30,0,0,0,0,0,0,0,0,0,0,0,0,0,0,0,0,0,0,0,0,0,0,0,0,0
Xiphacantha quaridentata,eSNCM,250,0,0,0,0,0,0,0,0,0,0,0,0,0,0,0,0,0,0,0,0,0,0,0,0,0,0,0,0,0,0,0,0,0,0,0,0,0,0,0,0,0,0,0,0,0,0,0,0,0,0,0,0,0,0
Yihiella yeosuensis,CM,9,0,0,0,0,0,0,0,0,0,0,0,0,0,0,0,0,0,0,0,0,0,0,0,0,0,0,0,0,0,0,0,0,0,0,0,0,0,0,0,0,0,0,0,0,0,0,0,0,0,0,0,0,0,0
Phaeocystis globosa,CM,6,0,7,2,0,0,0,1228,41,0,0,0,1,1,0,0,0,2,0,0,0,0,0,0,0,0,5,0,3,2,0,0,0,0,0,1953,1,0,0,0,0,0,0,0,0,0,5,0,0,0,2588,608,54,0,0
